timestamp,session_id,agent_id,agent_type,task_id,description,input_tokens,output_tokens,cache_read,cache_create,billable_tokens,total_tokens,api_calls,duration_secs,started_at,ended_at
2026-01-03T16:52:18Z,7db19cea-29cb-418d-82f5-3d810d1cc54e,,,,,,,,,,,,,,
2026-01-03T16:53:12Z,7db19cea-29cb-418d-82f5-3d810d1cc54e,ae59863,,,,,,,,,,,,,
2026-01-03T16:53:51Z,7db19cea-29cb-418d-82f5-3d810d1cc54e,ae09738,,,,3,1,,,,4,,,,
2026-01-03T16:54:46Z,7db19cea-29cb-418d-82f5-3d810d1cc54e,a3e1494,,,,4,2,25834,8396,,34236,2,,,
2026-01-04T04:05:19Z,7db19cea-29cb-418d-82f5-3d810d1cc54e,a888057,,,,78,13800,3195818,115036,128836,3324732,72,1740,2026-01-04T03:36:19.515Z,2026-01-04T04:05:19.439Z
2026-01-04T04:11:26Z,7db19cea-29cb-418d-82f5-3d810d1cc54e,a8653d0,,,,7821,3273,1470078,119608,122881,1600780,47,346,2026-01-04T04:05:40.762Z,2026-01-04T04:11:26.691Z
2026-01-04T04:39:10Z,7db19cea-29cb-418d-82f5-3d810d1cc54e,a71563b,,,,87,18731,3449674,124725,143456,3593217,79,1637,2026-01-04T04:11:53.138Z,2026-01-04T04:39:10.771Z
2026-01-04T04:43:34Z,7db19cea-29cb-418d-82f5-3d810d1cc54e,ad4f927,,,,20613,1451,1028631,161650,163101,1212345,29,253,2026-01-04T04:39:21.919Z,2026-01-04T04:43:34.216Z
2026-01-04T04:55:08Z,7db19cea-29cb-418d-82f5-3d810d1cc54e,a94e69c,,,,4643,12240,4462406,179975,192215,4659264,89,666,2026-01-04T04:44:02.626Z,2026-01-04T04:55:08.707Z
2026-01-04T04:59:21Z,7db19cea-29cb-418d-82f5-3d810d1cc54e,a841862,,,,33,1698,861532,123210,124908,986473,25,244,2026-01-04T04:55:17.871Z,2026-01-04T04:59:21.699Z
2026-01-04T05:19:29Z,7db19cea-29cb-418d-82f5-3d810d1cc54e,ad4d892,,,,3296,12702,4126697,154718,167420,4297413,81,1185,2026-01-04T04:59:44.695Z,2026-01-04T05:19:29.863Z
2026-01-04T05:20:21Z,7db19cea-29cb-418d-82f5-3d810d1cc54e,a1c0b77,,,,256,88,368627,51332,51420,420303,17,36,2026-01-04T05:19:45.208Z,2026-01-04T05:20:21.588Z
2026-01-04T05:20:28Z,7db19cea-29cb-418d-82f5-3d810d1cc54e,ab2ea71,,,,198,218,389214,81704,81922,471334,17,43,2026-01-04T05:19:45.205Z,2026-01-04T05:20:28.234Z
2026-01-04T05:52:53Z,3c58dec2-8e9d-4c17-9eee-f024eaf13a6b,ac2b460,,,,,,,,,,1,1,2026-01-04T05:52:52.490Z,2026-01-04T05:52:53.322Z
2026-01-04T05:52:53Z,3c58dec2-8e9d-4c17-9eee-f024eaf13a6b,a5d0cde,,,,,,,,,,1,1,2026-01-04T05:52:52.493Z,2026-01-04T05:52:53.531Z
2026-01-04T05:53:30Z,b9ea1f8d-b14b-4d93-9350-d79a6276b5df,a1ec7c6,,,,,,,,,,1,1,2026-01-04T05:53:29.859Z,2026-01-04T05:53:30.383Z
2026-01-04T05:53:30Z,b9ea1f8d-b14b-4d93-9350-d79a6276b5df,a4c2f39,,,,,,,,,,1,1,2026-01-04T05:53:29.856Z,2026-01-04T05:53:30.604Z
2026-01-04T06:04:25Z,7db19cea-29cb-418d-82f5-3d810d1cc54e,a5b4a64,,,,38955,1178,901030,213864,215042,1155027,23,139,2026-01-04T06:02:06.181Z,2026-01-04T06:04:25.301Z
2026-01-04T06:11:47Z,7db19cea-29cb-418d-82f5-3d810d1cc54e,aa28468,,,,73,11392,3574769,199476,210868,3785710,65,418,2026-01-04T06:04:49.088Z,2026-01-04T06:11:47.474Z
2026-01-04T06:17:51Z,7db19cea-29cb-418d-82f5-3d810d1cc54e,a6fbf86,,,,37,977,1036405,135219,136196,1172638,29,348,2026-01-04T06:12:03.097Z,2026-01-04T06:17:51.027Z
2026-01-04T06:42:50Z,7db19cea-29cb-418d-82f5-3d810d1cc54e,aff8bb5,,,,497,15769,7300825,248716,264485,7565807,102,1465,2026-01-04T06:18:24.229Z,2026-01-04T06:42:49.969Z
2026-01-04T06:47:10Z,7db19cea-29cb-418d-82f5-3d810d1cc54e,a1a4190,,,,55,550,2292500,180081,180631,2473186,47,248,2026-01-04T06:43:02.184Z,2026-01-04T06:47:10.029Z
2026-01-04T06:59:35Z,7db19cea-29cb-418d-82f5-3d810d1cc54e,a4bbcf0,,,,58911,25093,7901017,277709,302802,8262730,91,721,2026-01-04T06:47:34.572Z,2026-01-04T06:59:35.377Z
2026-01-04T07:04:43Z,7db19cea-29cb-418d-82f5-3d810d1cc54e,a8ddff9,,,,33735,215,557240,167769,167984,758959,17,297,2026-01-04T06:59:46.549Z,2026-01-04T07:04:43.692Z
2026-01-04T07:21:27Z,7db19cea-29cb-418d-82f5-3d810d1cc54e,ae95742,,,,68,8164,2328082,105988,114152,2442302,62,980,2026-01-04T07:05:07.200Z,2026-01-04T07:21:27.086Z
2026-01-04T07:26:08Z,7db19cea-29cb-418d-82f5-3d810d1cc54e,acf8102,,,,35,949,830792,111226,112175,943002,27,266,2026-01-04T07:21:42.234Z,2026-01-04T07:26:08.009Z
2026-01-04T08:03:34Z,7db19cea-29cb-418d-82f5-3d810d1cc54e,ac15887,,,,29822,6149,9873564,430865,437014,10340400,114,1422,2026-01-04T07:39:52.773Z,2026-01-04T08:03:34.270Z
2026-01-04T08:09:07Z,7db19cea-29cb-418d-82f5-3d810d1cc54e,a957afe,,,,12374,2027,972914,145388,147415,1132703,28,315,2026-01-04T08:03:52.201Z,2026-01-04T08:09:07.495Z
2026-01-04T08:22:08Z,7db19cea-29cb-418d-82f5-3d810d1cc54e,a297078,,,,548,1798,2695593,172994,174792,2870933,63,294,2026-01-04T08:17:13.244Z,2026-01-04T08:22:07.917Z
2026-01-04T08:55:36Z,7db19cea-29cb-418d-82f5-3d810d1cc54e,a4aabb2,,,,116,2863,4657692,141577,144440,4802248,110,450,2026-01-04T08:48:06.786Z,2026-01-04T08:55:36.724Z
2026-01-04T08:59:22Z,7db19cea-29cb-418d-82f5-3d810d1cc54e,a3dcb63,,,,2085,10900,8853468,262160,273060,9128613,156,676,2026-01-04T08:48:06.784Z,2026-01-04T08:59:22.806Z
2026-01-04T09:01:37Z,7db19cea-29cb-418d-82f5-3d810d1cc54e,a8062b8,,,,51,805,1310300,202230,203035,1513386,41,208,2026-01-04T08:58:09.709Z,2026-01-04T09:01:37.138Z
2026-01-04T17:53:15Z,7db19cea-29cb-418d-82f5-3d810d1cc54e,ac8973f,,,,907,8572,8789351,321324,329896,9120154,109,1348,2026-01-04T17:30:47.444Z,2026-01-04T17:53:15.541Z
2026-01-04T17:57:56Z,7db19cea-29cb-418d-82f5-3d810d1cc54e,a8977e5,,,,33,340,786455,139968,140308,926796,25,263,2026-01-04T17:53:33.387Z,2026-01-04T17:57:56.120Z
2026-01-04T19:11:28Z,7db19cea-29cb-418d-82f5-3d810d1cc54e,acd9177,,,,761,734,990061,153037,153771,1144593,36,72,2026-01-04T19:10:16.347Z,2026-01-04T19:11:28.692Z
2026-01-04T20:43:28Z,7db19cea-29cb-418d-82f5-3d810d1cc54e,a2087a9,,,,4795,13886,8367833,352690,366576,8739204,123,5222,2026-01-04T19:16:26.742Z,2026-01-04T20:43:28.724Z
2026-01-04T20:47:50Z,7db19cea-29cb-418d-82f5-3d810d1cc54e,ad9cfed,,,,29,402,731764,192169,192571,924364,21,248,2026-01-04T20:43:42.779Z,2026-01-04T20:47:50.364Z
2026-01-04T20:59:33Z,7db19cea-29cb-418d-82f5-3d810d1cc54e,a1d7c57,,,,32,5146,1223980,89501,94647,1318659,30,164,2026-01-04T20:56:47.964Z,2026-01-04T20:59:31.556Z
2026-01-04T22:07:27Z,7db19cea-29cb-418d-82f5-3d810d1cc54e,a0f9f8c,,,,174,1239,1234990,180559,181798,1416962,33,230,2026-01-04T22:03:37.578Z,2026-01-04T22:07:27.716Z
2026-01-04T22:16:57Z,7db19cea-29cb-418d-82f5-3d810d1cc54e,a151cee,,,,2892,5480,731250,140521,146001,880143,30,152,2026-01-04T22:14:25.365Z,2026-01-04T22:16:57.444Z
2026-01-04T22:57:17Z,7db19cea-29cb-418d-82f5-3d810d1cc54e,a831f25,,,,3,164,,4282,4446,4449,1,3,2026-01-04T22:57:14.219Z,2026-01-04T22:57:17.754Z
2026-01-04T22:57:21Z,7db19cea-29cb-418d-82f5-3d810d1cc54e,ab8cd77,,,,3,123,,4410,4533,4536,1,7,2026-01-04T22:57:14.223Z,2026-01-04T22:57:21.775Z
2026-01-04T23:01:03Z,7db19cea-29cb-418d-82f5-3d810d1cc54e,a2cc371,,,,11,418,60539,45640,46058,106608,5,32,2026-01-04T23:00:31.272Z,2026-01-04T23:01:03.455Z
2026-01-04T23:34:22Z,7db19cea-29cb-418d-82f5-3d810d1cc54e,a2cc371,,,,718,26027,9177174,472167,498194,9676086,116,2031,2026-01-04T23:00:31.272Z,2026-01-04T23:34:22.621Z
2026-01-04T23:40:28Z,7db19cea-29cb-418d-82f5-3d810d1cc54e,a3563ba,,,,5092,1283,1284888,128513,129796,1419776,35,353,2026-01-04T23:34:35.051Z,2026-01-04T23:40:28.286Z
2026-01-04T23:42:45Z,7db19cea-29cb-418d-82f5-3d810d1cc54e,accb218,,,,612,1802,902890,152149,153951,1057453,30,104,2026-01-04T23:41:01.955Z,2026-01-04T23:42:45.066Z
2026-01-05T00:41:32Z,d8170853-453f-4f57-ba63-2747a4b4869f,a922c2d,,,,3,1,,4293,4294,4297,1,4,2026-01-05T00:41:28.941Z,2026-01-05T00:41:32.861Z
2026-01-05T00:41:35Z,d8170853-453f-4f57-ba63-2747a4b4869f,afbf0d8,,,,3,2,,4421,4423,4426,1,7,2026-01-05T00:41:28.944Z,2026-01-05T00:41:35.836Z
2026-01-05T00:44:33Z,d8170853-453f-4f57-ba63-2747a4b4869f,abbbb6b,,,,3878,1154,972531,193338,194492,1170901,33,141,2026-01-05T00:42:12.713Z,2026-01-05T00:44:33.277Z
2026-01-05T00:46:52Z,7db19cea-29cb-418d-82f5-3d810d1cc54e,aa285b3,,,,24775,887,986218,159752,160639,1171632,34,118,2026-01-05T00:44:54.484Z,2026-01-05T00:46:52.656Z
2026-01-05T01:25:19Z,d8170853-453f-4f57-ba63-2747a4b4869f,a7f481e,,,,18235,20812,2394860,545275,566087,2979182,43,445,2026-01-05T01:17:54.094Z,2026-01-05T01:25:19.365Z
2026-01-05T01:29:37Z,d8170853-453f-4f57-ba63-2747a4b4869f,a69fc01,,,,12469,5000,1965773,331203,336203,2314445,50,242,2026-01-05T01:25:34.752Z,2026-01-05T01:29:36.920Z
2026-01-05T01:42:47Z,d8170853-453f-4f57-ba63-2747a4b4869f,aa8c049,,,,191,13535,812291,174857,188392,1000874,25,320,2026-01-05T01:37:27.920Z,2026-01-05T01:42:47.505Z
2026-01-05T01:46:20Z,d8170853-453f-4f57-ba63-2747a4b4869f,a099e42,,,,39,560,964601,84820,85380,1050020,27,98,2026-01-05T01:44:42.433Z,2026-01-05T01:46:20.752Z
2026-01-05T01:57:44Z,d8170853-453f-4f57-ba63-2747a4b4869f,a8d2153,,,,5038,16173,4209911,609580,625753,4840702,65,460,2026-01-05T01:50:04.643Z,2026-01-05T01:57:44.793Z
2026-01-05T01:58:12Z,d8170853-453f-4f57-ba63-2747a4b4869f,a923279,,,,1376,4837,3182233,208848,213685,3397294,63,488,2026-01-05T01:50:04.644Z,2026-01-05T01:58:12.401Z
2026-01-05T02:01:20Z,d8170853-453f-4f57-ba63-2747a4b4869f,ac275dd,,,,849,1268,1021856,102153,103421,1126126,38,676,2026-01-05T01:50:04.635Z,2026-01-05T02:01:20.694Z
2026-01-05T03:24:12Z,d8170853-453f-4f57-ba63-2747a4b4869f,a531431,,,,30648,1322,1623285,177939,179261,1833194,50,200,2026-01-05T03:20:52.634Z,2026-01-05T03:24:12.598Z
2026-01-05T03:29:49Z,34e36596-aaa3-4d3d-8ef5-e7befcba7baf,a113efb,,,,3,1,,4338,4339,4342,1,5,2026-01-05T03:29:44.552Z,2026-01-05T03:29:49.099Z
2026-01-05T03:29:49Z,34e36596-aaa3-4d3d-8ef5-e7befcba7baf,a616217,,,,3,3,,4466,4469,4472,1,5,2026-01-05T03:29:44.554Z,2026-01-05T03:29:49.348Z
2026-01-05T03:30:27Z,d8170853-453f-4f57-ba63-2747a4b4869f,ad84c21,,,,155,255,241002,70925,71180,312337,14,96,2026-01-05T03:28:51.509Z,2026-01-05T03:30:27.414Z
2026-01-05T03:42:52Z,d8170853-453f-4f57-ba63-2747a4b4869f,ac20b40,,,,16243,910,581594,237066,237976,835813,21,249,2026-01-05T03:38:43.031Z,2026-01-05T03:42:52.610Z
2026-01-05T08:33:08Z,d8170853-453f-4f57-ba63-2747a4b4869f,ae681e1,,,,32,138,475777,104109,104247,580056,24,342,2026-01-05T08:27:26.318Z,2026-01-05T08:33:08.121Z
2026-01-05T09:00:27Z,d8170853-453f-4f57-ba63-2747a4b4869f,a231e63,,,,2611,1373,536789,102248,103621,643021,26,323,2026-01-05T08:55:04.448Z,2026-01-05T09:00:27.786Z
2026-01-05T09:24:49Z,d8170853-453f-4f57-ba63-2747a4b4869f,a5ce4d9,,,,28,72,388901,129670,129742,518671,20,187,2026-01-05T09:21:42.645Z,2026-01-05T09:24:49.607Z
2026-01-05T09:34:57Z,d8170853-453f-4f57-ba63-2747a4b4869f,ae0cd5e,,,,2885,490,725650,133495,133985,862520,30,315,2026-01-05T09:29:42.387Z,2026-01-05T09:34:57.341Z
2026-01-05T09:44:09Z,d8170853-453f-4f57-ba63-2747a4b4869f,a804459,,,,399,1602,668199,71089,72691,741289,27,281,2026-01-05T09:39:28.173Z,2026-01-05T09:44:09.249Z
2026-01-05T09:58:41Z,d8170853-453f-4f57-ba63-2747a4b4869f,a72a95e,,,,23839,1930,1744963,154647,156577,1925379,45,177,2026-01-05T09:55:44.911Z,2026-01-05T09:58:41.045Z
2026-01-05T10:11:22Z,d8170853-453f-4f57-ba63-2747a4b4869f,a16261e,,,,2080,299,245710,169414,169713,417503,20,91,2026-01-05T10:09:51.940Z,2026-01-05T10:11:22.649Z
2026-01-05T10:20:06Z,d8170853-453f-4f57-ba63-2747a4b4869f,ac39c76,,,,8747,12169,6059374,222453,234622,6302743,79,435,2026-01-05T10:12:51.849Z,2026-01-05T10:20:06.766Z
2026-01-05T17:47:54Z,d8170853-453f-4f57-ba63-2747a4b4869f,ae9c452,,,,3685,2405,1212319,327887,330292,1546296,37,26856,2026-01-05T10:20:18.512Z,2026-01-05T17:47:54.297Z
2026-01-05T18:36:14Z,d8170853-453f-4f57-ba63-2747a4b4869f,a28826c,,,,49092,13805,9167831,569523,583328,9800251,104,1762,2026-01-05T18:06:52.597Z,2026-01-05T18:36:14.157Z
2026-01-05T18:41:11Z,d8170853-453f-4f57-ba63-2747a4b4869f,ae2b586,,,,13511,295,1297086,293036,293331,1603928,31,164,2026-01-05T18:38:27.647Z,2026-01-05T18:41:11.515Z
2026-01-05T18:41:50Z,d8170853-453f-4f57-ba63-2747a4b4869f,ae633f6,,,,30688,16999,13607418,590107,607106,14245212,144,2097,2026-01-05T18:06:52.595Z,2026-01-05T18:41:49.766Z
2026-01-05T18:48:33Z,d8170853-453f-4f57-ba63-2747a4b4869f,a90eeaf,,,,1367,376,493295,114673,115049,609711,20,88,2026-01-05T18:47:05.518Z,2026-01-05T18:48:33.237Z
2026-01-05T18:48:54Z,d8170853-453f-4f57-ba63-2747a4b4869f,a7b37f2,,,,62368,60,1105803,326089,326149,1494320,28,109,2026-01-05T18:47:05.509Z,2026-01-05T18:48:54.338Z
2026-01-05T18:52:46Z,d8170853-453f-4f57-ba63-2747a4b4869f,a528625,,,,48513,41,734594,131432,131473,914580,25,99,2026-01-05T18:51:06.296Z,2026-01-05T18:52:45.910Z
2026-01-05T23:52:34Z,23d51c74-1e7d-4830-a784-10a68bd660c2,a16f798,,,,3,8,,4535,4543,4546,1,2,2026-01-05T23:52:32.283Z,2026-01-05T23:52:34.579Z
2026-01-05T23:52:35Z,23d51c74-1e7d-4830-a784-10a68bd660c2,ad8e6d2,,,,3,1,,4407,4408,4411,1,3,2026-01-05T23:52:32.280Z,2026-01-05T23:52:35.840Z
2026-01-06T01:58:03Z,23d51c74-1e7d-4830-a784-10a68bd660c2,a9ecc0d,,,,91,11511,6111852,177325,188836,6300779,87,474,2026-01-06T01:50:09.043Z,2026-01-06T01:58:03.624Z
2026-01-06T02:01:53Z,23d51c74-1e7d-4830-a784-10a68bd660c2,af73d87,,,,105,27043,7203680,262381,289424,7493209,99,704,2026-01-06T01:50:09.033Z,2026-01-06T02:01:53.542Z
2026-01-06T02:03:33Z,23d51c74-1e7d-4830-a784-10a68bd660c2,af913b3,,,,20,542,223803,69335,69877,293700,12,56,2026-01-06T02:02:37.697Z,2026-01-06T02:03:33.601Z
2026-01-06T02:04:02Z,23d51c74-1e7d-4830-a784-10a68bd660c2,a67b2d4,,,,31,290,640004,86280,86570,726605,23,85,2026-01-06T02:02:37.698Z,2026-01-06T02:04:02.819Z
2026-01-06T02:08:17Z,23d51c74-1e7d-4830-a784-10a68bd660c2,a32d09c,,,,24,248,528310,145153,145401,673735,16,340,2026-01-06T02:02:37.698Z,2026-01-06T02:08:17.391Z
2026-01-06T02:30:52Z,23d51c74-1e7d-4830-a784-10a68bd660c2,ab4220a,,,,7082,11085,4754460,313004,324089,5085631,74,477,2026-01-06T02:22:54.920Z,2026-01-06T02:30:51.922Z
2026-01-06T02:36:07Z,23d51c74-1e7d-4830-a784-10a68bd660c2,a4101e8,,,,5662,426,893928,139056,139482,1039072,29,242,2026-01-06T02:32:05.651Z,2026-01-06T02:36:07.110Z
2026-01-06T03:16:17Z,23d51c74-1e7d-4830-a784-10a68bd660c2,ac93ada,,,,12909,19636,12592075,337555,357191,12962175,143,771,2026-01-06T03:03:26.169Z,2026-01-06T03:16:17.057Z
2026-01-06T03:20:49Z,23d51c74-1e7d-4830-a784-10a68bd660c2,afe2bb1,,,,40,1310,1308154,186773,188083,1496277,32,259,2026-01-06T03:16:30.406Z,2026-01-06T03:20:49.269Z
2026-01-06T03:56:55Z,23d51c74-1e7d-4830-a784-10a68bd660c2,a1d079e,,,,8753,623,1118591,194579,195202,1322546,35,183,2026-01-06T03:53:52.528Z,2026-01-06T03:56:55.619Z
2026-01-06T06:35:52Z,23d51c74-1e7d-4830-a784-10a68bd660c2,aab22dc,,,,30124,549,1080113,186887,187436,1297673,30,178,2026-01-06T06:32:54.318Z,2026-01-06T06:35:52.071Z
2026-01-06T06:36:14Z,23d51c74-1e7d-4830-a784-10a68bd660c2,ac3b978,,,,9830,6160,2125963,187205,193365,2329158,47,200,2026-01-06T06:32:54.320Z,2026-01-06T06:36:14.219Z
2026-01-06T06:43:18Z,23d51c74-1e7d-4830-a784-10a68bd660c2,aa5dca5,,,,392,62,543763,144816,144878,689033,24,60,2026-01-06T06:42:18.957Z,2026-01-06T06:43:18.492Z
2026-01-06T07:02:13Z,23d51c74-1e7d-4830-a784-10a68bd660c2,ad68477,,,,5897,16032,5947357,417730,433762,6387016,77,495,2026-01-06T06:53:58.411Z,2026-01-06T07:02:13.071Z
2026-01-06T07:15:00Z,23d51c74-1e7d-4830-a784-10a68bd660c2,a94b279,,,,36,30,398573,263219,263249,661858,22,76,2026-01-06T07:13:44.674Z,2026-01-06T07:15:00.610Z
2026-01-06T07:15:47Z,23d51c74-1e7d-4830-a784-10a68bd660c2,a19b5f4,,,,77,781,884457,217539,218320,1102854,28,123,2026-01-06T07:13:44.675Z,2026-01-06T07:15:47.241Z
2026-01-06T07:24:48Z,23d51c74-1e7d-4830-a784-10a68bd660c2,a05b4d6,,,,11922,12660,2414262,195675,208335,2634519,57,367,2026-01-06T07:18:41.103Z,2026-01-06T07:24:48.695Z
2026-01-10T01:04:42Z,2eacec34-20a1-459c-8d3a-1bc7bbf44582,aebbf99,,,,5432,1171,994084,189515,190686,1190202,27,321,2026-01-10T00:59:21.111Z,2026-01-10T01:04:42.457Z
2026-01-10T01:32:46Z,2eacec34-20a1-459c-8d3a-1bc7bbf44582,a3e4100,,,,37,1706,671203,111440,113146,784386,29,277,2026-01-10T01:28:09.574Z,2026-01-10T01:32:46.589Z
2026-01-10T02:12:39Z,2eacec34-20a1-459c-8d3a-1bc7bbf44582,ae75252,,,,43278,374,269875,153346,153720,466873,13,41,2026-01-10T02:11:58.687Z,2026-01-10T02:12:39.484Z
2026-01-10T02:35:08Z,2eacec34-20a1-459c-8d3a-1bc7bbf44582,a6ef31a,,,,30694,549,492710,241360,241909,765313,17,111,2026-01-10T02:33:17.155Z,2026-01-10T02:35:08.451Z
2026-01-10T02:43:25Z,2eacec34-20a1-459c-8d3a-1bc7bbf44582,ab45990,,,,118279,727,577330,219288,220015,915624,18,81,2026-01-10T02:42:04.242Z,2026-01-10T02:43:25.553Z
2026-01-10T02:45:30Z,2eacec34-20a1-459c-8d3a-1bc7bbf44582,a7ca1c4,,,,13214,7290,2544325,246086,253376,2810915,46,206,2026-01-10T02:42:04.252Z,2026-01-10T02:45:30.489Z
2026-01-10T03:26:35Z,2eacec34-20a1-459c-8d3a-1bc7bbf44582,ab91a04,,,,9115,940,861187,148488,149428,1019730,25,90,2026-01-10T03:25:04.799Z,2026-01-10T03:26:34.959Z
2026-01-10T04:06:08Z,1d6efb70-ccf5-4320-ae83-32ef686238e5,a484658,,,,3,1,,14077,14078,14081,1,3,2026-01-10T04:06:05.290Z,2026-01-10T04:06:08.634Z
2026-01-10T04:06:20Z,2eacec34-20a1-459c-8d3a-1bc7bbf44582,a73e41d,,,,3,132,14077,,132,14212,1,,2026-01-10T04:06:20.638Z,2026-01-10T04:06:20.638Z
2026-01-10T04:06:24Z,2eacec34-20a1-459c-8d3a-1bc7bbf44582,a418c03,,,,10,183,30348,249,432,30790,4,4,2026-01-10T04:06:20.639Z,2026-01-10T04:06:24.605Z
2026-01-10T04:06:37Z,2eacec34-20a1-459c-8d3a-1bc7bbf44582,a161143,,,,13,255,70970,371,626,71609,5,16,2026-01-10T04:06:21.855Z,2026-01-10T04:06:37.414Z
2026-01-10T05:09:10Z,2eacec34-20a1-459c-8d3a-1bc7bbf44582,a79d403,,,,37,7017,1396582,267588,274605,1671224,31,179,2026-01-10T05:06:11.992Z,2026-01-10T05:09:10.587Z
2026-01-10T06:08:01Z,3b5af473-f8b0-403a-8278-e85109b89ca9,acfb1f2,,,,3,6,,14311,14317,14320,1,3,2026-01-10T06:07:58.099Z,2026-01-10T06:08:01.214Z
2026-01-10T06:08:05Z,2eacec34-20a1-459c-8d3a-1bc7bbf44582,a6ef81d,,,,7,27,7821,15781,15808,23636,3,4,2026-01-10T06:08:01.738Z,2026-01-10T06:08:05.029Z
2026-01-10T06:08:14Z,2eacec34-20a1-459c-8d3a-1bc7bbf44582,a40d7e5,,,,10,4,14428,43666,43670,58108,4,12,2026-01-10T06:08:02.162Z,2026-01-10T06:08:14.044Z
2026-01-10T06:23:32Z,2eacec34-20a1-459c-8d3a-1bc7bbf44582,a9f1364,,,,3,242,,14311,14553,14556,1,,2026-01-10T06:23:32.494Z,2026-01-10T06:23:32.494Z
2026-01-10T06:23:35Z,2eacec34-20a1-459c-8d3a-1bc7bbf44582,ac2fff5,,,,4,2,7821,7961,7963,15788,2,3,2026-01-10T06:23:32.635Z,2026-01-10T06:23:35.154Z
2026-01-10T06:23:40Z,2eacec34-20a1-459c-8d3a-1bc7bbf44582,a42be33,,,,7,3,14428,29221,29224,43659,3,7,2026-01-10T06:23:33.065Z,2026-01-10T06:23:40.074Z
2026-01-10T06:48:46Z,2eacec34-20a1-459c-8d3a-1bc7bbf44582,ad57794,,,,38,2460,884822,154268,156728,1041588,28,161,2026-01-10T06:46:05.488Z,2026-01-10T06:48:46.597Z
2026-01-10T07:00:30Z,2eacec34-20a1-459c-8d3a-1bc7bbf44582,a607e82,,,,5327,316,923846,163901,164217,1093390,27,133,2026-01-10T06:58:17.845Z,2026-01-10T07:00:30.087Z
2026-01-10T07:27:10Z,2eacec34-20a1-459c-8d3a-1bc7bbf44582,ac00eda,,,,3,1,,14366,14367,14370,1,,2026-01-10T07:27:09.987Z,2026-01-10T07:27:09.987Z
2026-01-10T07:27:13Z,2eacec34-20a1-459c-8d3a-1bc7bbf44582,ad01250,,,,7,259,7876,15875,16134,24017,3,4,2026-01-10T07:27:09.771Z,2026-01-10T07:27:13.365Z
2026-01-10T07:48:58Z,2eacec34-20a1-459c-8d3a-1bc7bbf44582,ad5ca25,,,,48101,1256,1171384,206944,208200,1427685,37,78,2026-01-10T07:47:40.476Z,2026-01-10T07:48:58.239Z
2026-01-10T07:54:24Z,2cc48aca-f551-40f8-9fe4-11de7f02409e,a083e35,,,,3,1,,14488,14489,14492,1,4,2026-01-10T07:54:20.710Z,2026-01-10T07:54:24.211Z
2026-01-10T07:54:30Z,2eacec34-20a1-459c-8d3a-1bc7bbf44582,ac05e6c,,,,4,116,7998,8138,8254,16256,2,5,2026-01-10T07:54:25.303Z,2026-01-10T07:54:30.741Z
2026-01-10T07:54:32Z,2eacec34-20a1-459c-8d3a-1bc7bbf44582,ada7ac8,,,,1,1,14605,365,366,14972,1,,2026-01-10T07:54:32.331Z,2026-01-10T07:54:32.331Z
2026-01-10T08:02:56Z,2eacec34-20a1-459c-8d3a-1bc7bbf44582,a557b5d,,,,71223,3005,1724833,387769,390774,2186830,28,159,2026-01-10T08:00:17.708Z,2026-01-10T08:02:56.407Z
2026-01-10T08:06:17Z,2eacec34-20a1-459c-8d3a-1bc7bbf44582,a54fb5e,,,,19,4775,405492,50695,55470,460981,15,115,2026-01-10T08:04:22.601Z,2026-01-10T08:06:17.375Z
2026-01-10T08:24:15Z,2eacec34-20a1-459c-8d3a-1bc7bbf44582,a8c8888,,,,19974,3172,1536788,179606,182778,1739540,43,231,2026-01-10T08:20:24.546Z,2026-01-10T08:24:15.184Z
2026-01-10T21:57:54Z,4b8a6739-7adf-479e-8afe-591dfbee5330,abe41ed,,,,38,552,1076079,132097,132649,1208766,30,366,2026-01-10T21:51:48.230Z,2026-01-10T21:57:54.484Z
2026-01-10T22:02:07Z,4b8a6739-7adf-479e-8afe-591dfbee5330,a6544d5,,,,6372,7239,1683084,90078,97317,1786773,48,236,2026-01-10T21:58:11.544Z,2026-01-10T22:02:07.545Z
2026-01-10T22:04:47Z,4b8a6739-7adf-479e-8afe-591dfbee5330,a161d2c,,,,556,2684,695541,88259,90943,787040,26,138,2026-01-10T22:02:29.664Z,2026-01-10T22:04:47.861Z
2026-01-10T22:15:39Z,4b8a6739-7adf-479e-8afe-591dfbee5330,abbd1c7,,,,39330,18377,10063216,373097,391474,10494020,115,552,2026-01-10T22:06:26.496Z,2026-01-10T22:15:38.964Z
2026-01-10T22:17:52Z,4b8a6739-7adf-479e-8afe-591dfbee5330,a2f756c,,,,36417,881,1224396,186086,186967,1447780,30,125,2026-01-10T22:15:47.657Z,2026-01-10T22:17:52.623Z
2026-01-10T22:52:32Z,b3adb3df-f424-4bea-b84b-1ad8827ac32f,a56b6a1,,,,3,1,,13914,13915,13918,1,5,2026-01-10T22:52:26.882Z,2026-01-10T22:52:31.931Z
2026-01-10T22:52:33Z,b3adb3df-f424-4bea-b84b-1ad8827ac32f,a986089,,,,3,1,,7424,7425,7428,1,7,2026-01-10T22:52:26.887Z,2026-01-10T22:52:33.197Z
2026-01-10T22:52:36Z,b3adb3df-f424-4bea-b84b-1ad8827ac32f,a2379bb,,,,13,5,14031,56475,56480,70524,5,10,2026-01-10T22:52:26.885Z,2026-01-10T22:52:36.535Z
2026-01-10T22:56:32Z,b3adb3df-f424-4bea-b84b-1ad8827ac32f,a169319,,,,65061,940,1651226,279868,280808,1997095,46,218,2026-01-10T22:52:54.712Z,2026-01-10T22:56:32.824Z
2026-01-10T22:59:22Z,4b8a6739-7adf-479e-8afe-591dfbee5330,a502159,,,,81204,6033,1919442,151247,157280,2157926,41,143,2026-01-10T22:56:59.505Z,2026-01-10T22:59:22.659Z
2026-01-10T23:00:48Z,4b8a6739-7adf-479e-8afe-591dfbee5330,a36ee76,,,,31992,1720,803654,162016,163736,999382,24,76,2026-01-10T22:59:31.781Z,2026-01-10T23:00:47.957Z
2026-01-10T23:08:18Z,4b8a6739-7adf-479e-8afe-591dfbee5330,a18a11c,,,,115356,5269,1165750,204937,210206,1491312,35,139,2026-01-10T23:05:58.352Z,2026-01-10T23:08:17.960Z
2026-01-10T23:18:53Z,4b8a6739-7adf-479e-8afe-591dfbee5330,a02543c,,,,24556,15827,6398518,190939,206766,6629840,102,491,2026-01-10T23:10:42.802Z,2026-01-10T23:18:53.134Z
2026-01-10T23:24:37Z,4b8a6739-7adf-479e-8afe-591dfbee5330,afff054,,,,85530,4734,1454716,135283,140017,1680263,37,337,2026-01-10T23:19:00.203Z,2026-01-10T23:24:37.764Z
2026-01-10T23:50:55Z,4b8a6739-7adf-479e-8afe-591dfbee5330,a45820d,,,,40228,31780,12999732,559078,590858,13630818,143,740,2026-01-10T23:38:35.202Z,2026-01-10T23:50:55.823Z
2026-01-10T23:55:48Z,4b8a6739-7adf-479e-8afe-591dfbee5330,a1ef51f,,,,43992,3601,1784914,272729,276330,2105236,34,284,2026-01-10T23:51:04.672Z,2026-01-10T23:55:48.667Z
2026-01-11T01:12:03Z,4b8a6739-7adf-479e-8afe-591dfbee5330,a75c819,,,,2878,16438,1647238,235158,251596,1901712,40,418,2026-01-11T01:05:05.947Z,2026-01-11T01:12:03.642Z
2026-01-11T01:14:49Z,4b8a6739-7adf-479e-8afe-591dfbee5330,a4a10b8,,,,2189,1980,1557079,231159,233139,1792407,46,155,2026-01-11T01:12:14.877Z,2026-01-11T01:14:49.002Z
2026-01-11T01:21:25Z,4b8a6739-7adf-479e-8afe-591dfbee5330,a0a571e,,,,253,12665,5795585,174990,187655,5983493,93,353,2026-01-11T01:15:31.966Z,2026-01-11T01:21:24.898Z
2026-01-11T01:25:53Z,4b8a6739-7adf-479e-8afe-591dfbee5330,aa98805,,,,406,1529,2417339,220273,221802,2639547,48,258,2026-01-11T01:21:34.858Z,2026-01-11T01:25:52.968Z
2026-01-11T04:10:49Z,b3adb3df-f424-4bea-b84b-1ad8827ac32f,a9aecfe,,,,6893,24561,3433621,315812,340373,3780887,62,418,2026-01-11T04:03:51.727Z,2026-01-11T04:10:49.373Z
2026-01-11T04:12:35Z,4b8a6739-7adf-479e-8afe-591dfbee5330,ade5ce9,,,,17791,11090,2051893,268252,279342,2349026,39,319,2026-01-11T04:07:16.012Z,2026-01-11T04:12:35.058Z
2026-01-11T04:17:03Z,b3adb3df-f424-4bea-b84b-1ad8827ac32f,add3431,,,,79224,9644,3415295,455740,465384,3959903,53,279,2026-01-11T04:12:24.250Z,2026-01-11T04:17:03.173Z
2026-01-11T04:20:15Z,4b8a6739-7adf-479e-8afe-591dfbee5330,a2545fc,,,,3548,10176,2911531,113402,123578,3038657,63,346,2026-01-11T04:14:29.928Z,2026-01-11T04:20:15.622Z
2026-01-11T04:26:44Z,4b8a6739-7adf-479e-8afe-591dfbee5330,a56aadd,,,,212,949,730160,108855,109804,840176,24,347,2026-01-11T04:20:57.245Z,2026-01-11T04:26:44.823Z
2026-01-11T04:41:55Z,4b8a6739-7adf-479e-8afe-591dfbee5330,a64f575,,,,555,10597,5641745,323649,334246,5976546,95,800,2026-01-11T04:28:35.716Z,2026-01-11T04:41:55.423Z
2026-01-11T04:44:17Z,4b8a6739-7adf-479e-8afe-591dfbee5330,a0a777f,,,,35,1044,698376,114857,115901,814312,27,130,2026-01-11T04:42:07.953Z,2026-01-11T04:44:17.424Z
2026-01-11T05:10:05Z,4b8a6739-7adf-479e-8afe-591dfbee5330,aef51a6,,,,8713,1442,1341058,192664,194106,1543877,37,141,2026-01-11T05:07:44.448Z,2026-01-11T05:10:05.016Z
2026-01-11T20:11:09Z,beeeb2ec-db33-4b10-bf19-55c767a388d8,abbb721,,,,3,2,,7744,7746,7749,1,2,2026-01-11T20:11:07.064Z,2026-01-11T20:11:09.506Z
2026-01-11T20:11:10Z,beeeb2ec-db33-4b10-bf19-55c767a388d8,a44adbe,,,,3,1,,14234,14235,14238,1,3,2026-01-11T20:11:07.041Z,2026-01-11T20:11:10.708Z
2026-01-11T20:11:14Z,beeeb2ec-db33-4b10-bf19-55c767a388d8,aee74d7,,,,10,222,14351,43326,43548,57909,4,7,2026-01-11T20:11:07.064Z,2026-01-11T20:11:14.706Z
2026-01-11T20:30:27Z,4b8a6739-7adf-479e-8afe-591dfbee5330,a2170cb,,,,5984,461,646255,173669,174130,826369,23,68,2026-01-11T20:29:19.599Z,2026-01-11T20:30:27.863Z
2026-01-11T20:33:02Z,4b8a6739-7adf-479e-8afe-591dfbee5330,a94f23f,,,,44,3537,1147890,86553,90090,1238024,36,138,2026-01-11T20:30:44.681Z,2026-01-11T20:33:02.015Z
2026-01-12T01:30:42Z,4b8a6739-7adf-479e-8afe-591dfbee5330,a132c04,,,,3,1,,13932,13933,13936,1,,2026-01-12T01:30:42.905Z,2026-01-12T01:30:42.905Z
2026-01-12T01:30:47Z,4b8a6739-7adf-479e-8afe-591dfbee5330,a6270b7,,,,10,226,7442,22571,22797,30249,4,5,2026-01-12T01:30:42.645Z,2026-01-12T01:30:47.337Z
2026-01-12T01:30:53Z,4b8a6739-7adf-479e-8afe-591dfbee5330,adeffce,,,,13,231,14049,56550,56781,70843,5,9,2026-01-12T01:30:44.384Z,2026-01-12T01:30:53.264Z
2026-01-12T03:34:23Z,4e47b8ba-9124-483c-b39c-b4d67e1f027f,a722c82,,,,13307,9,54864,78891,78900,147071,9,26,2026-01-12T03:33:57.478Z,2026-01-12T03:34:23.249Z
2026-01-12T03:35:09Z,a85ba1ed-a65b-40cc-bf7b-44c686839a82,ae929a3,,,,4227,483,1190913,128185,128668,1323808,38,131,2026-01-12T03:32:58.439Z,2026-01-12T03:35:09.627Z
2026-01-12T04:00:04Z,4e47b8ba-9124-483c-b39c-b4d67e1f027f,aab267f,,,,27,1170,418539,78212,79382,497948,21,86,2026-01-12T03:58:38.849Z,2026-01-12T04:00:04.723Z
2026-01-12T04:11:13Z,a85ba1ed-a65b-40cc-bf7b-44c686839a82,a997e47,,,,177,8616,962146,96404,105020,1067343,30,516,2026-01-12T04:02:37.248Z,2026-01-12T04:11:13.740Z
2026-01-12T04:13:36Z,a85ba1ed-a65b-40cc-bf7b-44c686839a82,a85f2f1,,,,33,665,867104,137892,138557,1005694,25,126,2026-01-12T04:11:30.360Z,2026-01-12T04:13:36.812Z
2026-01-12T04:16:05Z,1e2e034a-ac1f-4674-b2cc-0c01c6ad23ae,ad337f0,,,,3,1,,13944,13945,13948,1,3,2026-01-12T04:16:02.279Z,2026-01-12T04:16:05.105Z
2026-01-12T04:16:10Z,a85ba1ed-a65b-40cc-bf7b-44c686839a82,a9abdb9,,,,1,1,7454,137,138,7593,1,,2026-01-12T04:16:09.936Z,2026-01-12T04:16:09.936Z
2026-01-12T04:16:14Z,a85ba1ed-a65b-40cc-bf7b-44c686839a82,ae1404d,,,,7,3,14061,28495,28498,42566,3,7,2026-01-12T04:16:07.847Z,2026-01-12T04:16:14.226Z
2026-01-12T04:20:11Z,a85ba1ed-a65b-40cc-bf7b-44c686839a82,aa09e1b,,,,6399,7889,1428817,107181,115070,1550286,35,221,2026-01-12T04:16:30.181Z,2026-01-12T04:20:11.882Z
2026-01-12T04:24:49Z,a85ba1ed-a65b-40cc-bf7b-44c686839a82,a39b7bf,,,,7351,1820,386831,92811,94631,488813,15,268,2026-01-12T04:20:21.953Z,2026-01-12T04:24:49.837Z
2026-01-12T04:42:17Z,a85ba1ed-a65b-40cc-bf7b-44c686839a82,ad52477,,,,31493,10163,2820888,177322,187485,3039866,49,310,2026-01-12T04:37:07.118Z,2026-01-12T04:42:17.340Z
2026-01-12T04:43:23Z,a85ba1ed-a65b-40cc-bf7b-44c686839a82,a5a3676,,,,46,18582,2001867,153576,172158,2174071,40,376,2026-01-12T04:37:07.113Z,2026-01-12T04:43:23.535Z
2026-01-12T04:59:21Z,a85ba1ed-a65b-40cc-bf7b-44c686839a82,aa0883c,,,,20,1072,241768,72512,73584,315372,14,57,2026-01-12T04:58:24.546Z,2026-01-12T04:59:21.395Z
2026-01-12T05:05:26Z,a85ba1ed-a65b-40cc-bf7b-44c686839a82,a8e1fbc,,,,20215,27117,15131455,383054,410171,15561841,185,1699,2026-01-12T04:37:07.117Z,2026-01-12T05:05:26.482Z
2026-01-12T05:15:26Z,a85ba1ed-a65b-40cc-bf7b-44c686839a82,a0c63c1,,,,974,1124,1327004,149507,150631,1478609,36,550,2026-01-12T05:06:16.532Z,2026-01-12T05:15:26.539Z
2026-01-12T21:33:21Z,4b8a6739-7adf-479e-8afe-591dfbee5330,ad4599f,,,,15,2105,191045,50727,52832,243892,11,49,2026-01-12T21:32:32.039Z,2026-01-12T21:33:21.046Z
2026-01-12T22:57:23Z,4b8a6739-7adf-479e-8afe-591dfbee5330,a34fcd1,,,,6384,1818,1368088,178403,180221,1554693,36,168,2026-01-12T22:54:35.462Z,2026-01-12T22:57:23.128Z
2026-01-12T23:00:03Z,4b8a6739-7adf-479e-8afe-591dfbee5330,a4786e8,,,,10,40,106380,14338,14378,120768,6,34,2026-01-12T22:59:29.503Z,2026-01-12T23:00:03.010Z
2026-01-12T23:02:09Z,4b8a6739-7adf-479e-8afe-591dfbee5330,a286916,,,,13,1879,174791,18402,20281,195085,9,38,2026-01-12T23:01:31.524Z,2026-01-12T23:02:09.842Z
2026-01-12T23:23:32Z,4b8a6739-7adf-479e-8afe-591dfbee5330,aabee8f,,,,682,14330,630253,171658,185988,816923,26,325,2026-01-12T23:18:07.545Z,2026-01-12T23:23:32.795Z
2026-01-12T23:29:29Z,4b8a6739-7adf-479e-8afe-591dfbee5330,af7400a,,,,19,700,289830,23634,24334,314183,15,325,2026-01-12T23:24:04.354Z,2026-01-12T23:29:29.035Z
2026-01-13T00:14:20Z,4b8a6739-7adf-479e-8afe-591dfbee5330,a9f95fc,,,,12980,6533,8478422,268737,275270,8766672,112,2109,2026-01-12T23:39:11.285Z,2026-01-13T00:14:20.234Z
2026-01-13T00:19:24Z,4b8a6739-7adf-479e-8afe-591dfbee5330,a0fe5ba,,,,33528,2597,597663,154546,157143,788334,20,296,2026-01-13T00:14:27.883Z,2026-01-13T00:19:23.956Z
2026-01-13T00:23:58Z,4b8a6739-7adf-479e-8afe-591dfbee5330,a90712f,,,,5325,5751,2313665,116019,121770,2440760,54,244,2026-01-13T00:19:54.090Z,2026-01-13T00:23:58.148Z
2026-01-13T00:29:16Z,4b8a6739-7adf-479e-8afe-591dfbee5330,a0b5ce7,,,,1310,1668,690181,95000,96668,788159,27,311,2026-01-13T00:24:05.923Z,2026-01-13T00:29:16.172Z
2026-01-13T00:39:14Z,4b8a6739-7adf-479e-8afe-591dfbee5330,acb9d4c,,,,27584,10950,11819977,394622,405572,12253133,129,562,2026-01-13T00:29:52.085Z,2026-01-13T00:39:14.410Z
2026-01-13T00:40:09Z,4b8a6739-7adf-479e-8afe-591dfbee5330,a56f4ec,,,,16,1326,214183,55336,56662,270861,10,48,2026-01-13T00:39:21.760Z,2026-01-13T00:40:09.021Z
2026-01-13T00:50:57Z,4b8a6739-7adf-479e-8afe-591dfbee5330,a8adaff,,,,15554,6226,8070825,379935,386161,8472540,97,445,2026-01-13T00:43:31.384Z,2026-01-13T00:50:56.951Z
2026-01-13T00:53:27Z,4b8a6739-7adf-479e-8afe-591dfbee5330,a1a7258,,,,21,237,291511,94346,94583,386115,13,68,2026-01-13T00:52:18.458Z,2026-01-13T00:53:26.769Z
2026-01-13T01:02:06Z,4b8a6739-7adf-479e-8afe-591dfbee5330,a966044,,,,4395,6276,4880353,177558,183834,5068582,76,352,2026-01-13T00:56:13.231Z,2026-01-13T01:02:05.728Z
2026-01-13T01:07:24Z,4b8a6739-7adf-479e-8afe-591dfbee5330,ad35a59,,,,17,303,245337,70560,70863,316217,11,307,2026-01-13T01:02:17.152Z,2026-01-13T01:07:24.174Z
2026-01-13T01:14:10Z,4b8a6739-7adf-479e-8afe-591dfbee5330,a63b439,,,,39170,11454,4215688,144484,155938,4410796,74,379,2026-01-13T01:07:51.039Z,2026-01-13T01:14:10.138Z
2026-01-13T01:17:51Z,4b8a6739-7adf-479e-8afe-591dfbee5330,a31c2ad,,,,208,966,579884,133720,134686,714778,20,216,2026-01-13T01:14:15.829Z,2026-01-13T01:17:51.345Z
2026-01-13T03:57:27Z,4b8a6739-7adf-479e-8afe-591dfbee5330,ab3fec8,,,,89246,32,1019205,321135,321167,1429618,32,49,2026-01-13T03:56:38.621Z,2026-01-13T03:57:27.091Z
2026-01-13T19:15:14Z,4b8a6739-7adf-479e-8afe-591dfbee5330,af8344a,,,,1927,1198,584982,239006,240204,827113,20,69,2026-01-13T19:14:04.932Z,2026-01-13T19:15:13.621Z
2026-01-15T06:02:26Z,07f0b352-b8a1-46f1-a742-d45ec14bacdf,a8de55b,,,,3,1,,14424,14425,14428,1,6,2026-01-15T06:02:20.311Z,2026-01-15T06:02:26.432Z
2026-01-15T06:02:30Z,4b8a6739-7adf-479e-8afe-591dfbee5330,a9ed814,,,,1,1,14541,255,256,14798,1,,2026-01-15T06:02:30.646Z,2026-01-15T06:02:30.646Z
2026-01-15T06:02:32Z,4b8a6739-7adf-479e-8afe-591dfbee5330,a9a0618,,,,1,1,7934,226,227,8162,1,,2026-01-15T06:02:32.066Z,2026-01-15T06:02:32.066Z
2026-01-15T06:53:16Z,4b8a6739-7adf-479e-8afe-591dfbee5330,a96eb9d,,,,4210,6,60027,66466,66472,130709,6,35,2026-01-15T06:52:41.730Z,2026-01-15T06:53:16.212Z
2026-01-15T07:59:15Z,4b8a6739-7adf-479e-8afe-591dfbee5330,a966076,,,,18758,1502,1690085,231643,233145,1941988,51,229,2026-01-15T07:55:26.454Z,2026-01-15T07:59:15.207Z
2026-01-15T08:00:02Z,4b8a6739-7adf-479e-8afe-591dfbee5330,a015a69,,,,36773,8295,6069418,344086,352381,6458572,77,276,2026-01-15T07:55:26.448Z,2026-01-15T08:00:02.143Z
2026-01-15T08:15:23Z,4b8a6739-7adf-479e-8afe-591dfbee5330,a450826,,,,5017,2312,1305350,285019,287331,1597698,31,263,2026-01-15T08:11:00.180Z,2026-01-15T08:15:23.210Z
2026-01-15T08:17:41Z,957263cf-2b21-4f4b-a1f2-dd1c6c79a80e,a8378c1,,,,3,1,,14049,14050,14053,1,4,2026-01-15T08:17:37.582Z,2026-01-15T08:17:41.743Z
2026-01-15T08:17:48Z,957263cf-2b21-4f4b-a1f2-dd1c6c79a80e,a2f9c16,,,,10,188,7559,22929,23117,30686,4,11,2026-01-15T08:17:37.584Z,2026-01-15T08:17:48.126Z
2026-01-15T08:17:51Z,957263cf-2b21-4f4b-a1f2-dd1c6c79a80e,ab758bb,,,,13,273,14166,57052,57325,71504,5,14,2026-01-15T08:17:37.583Z,2026-01-15T08:17:51.113Z
2026-01-15T08:23:15Z,cc75105d-175d-4c2f-b7b1-c01ff66b8bee,a53e97e,,,,3,1,,14058,14059,14062,1,4,2026-01-15T08:23:11.754Z,2026-01-15T08:23:15.503Z
2026-01-15T08:23:21Z,cc75105d-175d-4c2f-b7b1-c01ff66b8bee,a82bbbf,,,,13,21,14175,57050,57071,71259,5,9,2026-01-15T08:23:11.755Z,2026-01-15T08:23:20.898Z
2026-01-15T08:23:21Z,cc75105d-175d-4c2f-b7b1-c01ff66b8bee,a2e4593,,,,10,7,7568,22930,22937,30515,4,10,2026-01-15T08:23:11.756Z,2026-01-15T08:23:21.071Z
2026-01-15T08:29:04Z,2078e39a-ea77-449d-bcde-759e4efd7b3d,add2506,,,,3,6,,14062,14068,14071,1,3,2026-01-15T08:29:01.273Z,2026-01-15T08:29:04.719Z
2026-01-15T08:29:09Z,2078e39a-ea77-449d-bcde-759e4efd7b3d,aebe031,,,,10,4,7572,22941,22945,30527,4,8,2026-01-15T08:29:01.275Z,2026-01-15T08:29:09.272Z
2026-01-15T08:29:11Z,2078e39a-ea77-449d-bcde-759e4efd7b3d,aff1ccf,,,,10,16,14179,42814,42830,57019,4,10,2026-01-15T08:29:01.274Z,2026-01-15T08:29:11.643Z
2026-01-15T08:57:35Z,4b8a6739-7adf-479e-8afe-591dfbee5330,a529849,,,,26,1372,227737,284420,285792,513555,17,2426,2026-01-15T08:17:09.775Z,2026-01-15T08:57:35.235Z
2026-01-15T18:03:37Z,4b8a6739-7adf-479e-8afe-591dfbee5330,aab9634,,,,5095,1719,2331977,188217,189936,2527008,48,293,2026-01-15T17:58:44.028Z,2026-01-15T18:03:37.761Z
2026-01-15T19:40:47Z,4b8a6739-7adf-479e-8afe-591dfbee5330,ad19178,,,,77,2366,3727407,246085,248451,3975935,67,420,2026-01-15T19:33:47.458Z,2026-01-15T19:40:47.559Z
2026-01-15T20:07:18Z,7aa8d604-0d49-4ef4-bb39-be81cb25a506,a2d1b26,,,,3,2,,14104,14106,14109,1,3,2026-01-15T20:07:15.161Z,2026-01-15T20:07:18.639Z
2026-01-15T20:07:18Z,7aa8d604-0d49-4ef4-bb39-be81cb25a506,a55e81a,,,,3,1,,13987,13988,13991,1,3,2026-01-15T20:07:15.158Z,2026-01-15T20:07:18.681Z
2026-01-15T20:07:24Z,7aa8d604-0d49-4ef4-bb39-be81cb25a506,a45aa70,,,,10,7,7497,22715,22722,30229,4,9,2026-01-15T20:07:15.162Z,2026-01-15T20:07:24.713Z
2026-01-15T20:13:18Z,7aa8d604-0d49-4ef4-bb39-be81cb25a506,a579b3e,,,,16713,1920,2418899,271935,273855,2709467,55,77,2026-01-15T20:12:01.189Z,2026-01-15T20:13:18.750Z
2026-01-15T20:13:34Z,7aa8d604-0d49-4ef4-bb39-be81cb25a506,ab07432,,,,23461,830,2191838,217581,218411,2433710,55,93,2026-01-15T20:12:01.197Z,2026-01-15T20:13:34.756Z
2026-01-15T20:13:38Z,7aa8d604-0d49-4ef4-bb39-be81cb25a506,ac88f17,,,,25148,1408,2867686,265924,267332,3160166,59,96,2026-01-15T20:12:01.193Z,2026-01-15T20:13:37.914Z
2026-01-15T20:13:48Z,7aa8d604-0d49-4ef4-bb39-be81cb25a506,a78a5ce,,,,22929,1257,3394979,235618,236875,3654783,84,107,2026-01-15T20:12:01.192Z,2026-01-15T20:13:48.351Z
2026-01-15T20:13:57Z,7aa8d604-0d49-4ef4-bb39-be81cb25a506,ad44a86,,,,20187,2224,2989633,221021,223245,3233065,83,115,2026-01-15T20:12:01.191Z,2026-01-15T20:13:56.924Z
2026-01-15T20:13:58Z,7aa8d604-0d49-4ef4-bb39-be81cb25a506,a19bba4,,,,34372,2002,3124704,219802,221804,3380880,78,117,2026-01-15T20:12:01.196Z,2026-01-15T20:13:58.021Z
2026-01-15T20:14:08Z,7aa8d604-0d49-4ef4-bb39-be81cb25a506,adc5644,,,,36010,1727,2387019,240198,241925,2664954,63,127,2026-01-15T20:12:01.195Z,2026-01-15T20:14:08.584Z
2026-01-15T20:14:52Z,4b8a6739-7adf-479e-8afe-591dfbee5330,a510764,,,,20790,3674,2406816,295651,299325,2726931,42,170,2026-01-15T20:12:02.104Z,2026-01-15T20:14:52.137Z
2026-01-15T20:48:13Z,4b8a6739-7adf-479e-8afe-591dfbee5330,ac52790,,,,12515,6784,6089148,210473,217257,6318920,81,380,2026-01-15T20:41:53.505Z,2026-01-15T20:48:13.359Z
2026-01-15T20:48:56Z,4b8a6739-7adf-479e-8afe-591dfbee5330,a9a0734,,,,63274,2801,1821763,282407,285208,2170245,39,161,2026-01-15T20:46:15.753Z,2026-01-15T20:48:56.277Z
2026-01-15T20:50:50Z,4b8a6739-7adf-479e-8afe-591dfbee5330,ad8cf65,,,,121,7682,6898407,146667,154349,7052877,115,537,2026-01-15T20:41:53.502Z,2026-01-15T20:50:50.341Z
2026-01-15T20:54:37Z,4b8a6739-7adf-479e-8afe-591dfbee5330,a08844a,,,,34,131,660346,189617,189748,850128,21,193,2026-01-15T20:51:24.221Z,2026-01-15T20:54:37.518Z
2026-01-15T20:54:37Z,4b8a6739-7adf-479e-8afe-591dfbee5330,a91ca2b,,,,10139,557,2042649,125456,126013,2178801,61,193,2026-01-15T20:51:24.225Z,2026-01-15T20:54:37.858Z
2026-01-15T22:08:53Z,4b8a6739-7adf-479e-8afe-591dfbee5330,a491764,,,,74,1419,1814193,113263,114682,1928949,66,267,2026-01-15T22:04:26.360Z,2026-01-15T22:08:53.319Z
2026-01-15T22:10:23Z,4b8a6739-7adf-479e-8afe-591dfbee5330,a09642d,,,,977,1973,3466308,136778,138751,3606036,81,357,2026-01-15T22:04:26.366Z,2026-01-15T22:10:23.814Z
2026-01-15T22:29:30Z,4b8a6739-7adf-479e-8afe-591dfbee5330,a6de7ec,,,,55,1845,2458141,188759,190604,2648800,47,899,2026-01-15T22:14:31.909Z,2026-01-15T22:29:30.435Z
2026-01-15T22:39:56Z,4b8a6739-7adf-479e-8afe-591dfbee5330,a949d22,,,,40017,9742,9046820,294971,304713,9391550,110,501,2026-01-15T22:31:35.747Z,2026-01-15T22:39:56.705Z
2026-01-15T23:24:22Z,4b8a6739-7adf-479e-8afe-591dfbee5330,a54d338,,,,30,1463,610293,245746,247209,857532,22,2653,2026-01-15T22:40:09.196Z,2026-01-15T23:24:22.352Z
2026-01-16T07:22:15Z,4b8a6739-7adf-479e-8afe-591dfbee5330,a2749be,,,,14967,1321,3736487,261137,262458,4013912,78,112,2026-01-16T07:20:23.734Z,2026-01-16T07:22:15.696Z
2026-01-16T23:45:43Z,4b8a6739-7adf-479e-8afe-591dfbee5330,a752e58,,,,19893,1407,1138102,196795,198202,1356197,45,87,2026-01-16T23:44:16.780Z,2026-01-16T23:45:43.106Z
2026-01-17T00:28:05Z,4b8a6739-7adf-479e-8afe-591dfbee5330,ad84e3a,,,,78,5556,3093121,122599,128155,3221354,74,368,2026-01-17T00:21:57.962Z,2026-01-17T00:28:05.763Z
2026-01-17T00:31:39Z,4b8a6739-7adf-479e-8afe-591dfbee5330,a0d2c30,,,,208,15330,5573726,157812,173142,5747076,99,582,2026-01-17T00:21:57.958Z,2026-01-17T00:31:39.393Z
2026-01-17T00:37:01Z,4b8a6739-7adf-479e-8afe-591dfbee5330,a065db5,,,,37,697,1260319,301103,301800,1562156,29,299,2026-01-17T00:32:02.322Z,2026-01-17T00:37:01.266Z
2026-01-17T02:06:47Z,4b8a6739-7adf-479e-8afe-591dfbee5330,ace912d,,,,13091,3671,1034616,96033,99704,1147411,33,175,2026-01-17T02:03:51.786Z,2026-01-17T02:06:46.932Z
2026-01-17T02:11:54Z,4b8a6739-7adf-479e-8afe-591dfbee5330,a9b110e,,,,22,419,359288,96128,96547,455857,14,297,2026-01-17T02:06:57.207Z,2026-01-17T02:11:54.282Z
2026-01-17T02:16:25Z,4b8a6739-7adf-479e-8afe-591dfbee5330,ade31ff,,,,46,5445,1741653,87930,93375,1835074,42,263,2026-01-17T02:12:02.139Z,2026-01-17T02:16:25.109Z
2026-01-17T02:21:05Z,4b8a6739-7adf-479e-8afe-591dfbee5330,ab1b143,,,,25,208,480348,69308,69516,549889,17,274,2026-01-17T02:16:31.506Z,2026-01-17T02:21:05.252Z
2026-01-17T19:02:32Z,4b8a6739-7adf-479e-8afe-591dfbee5330,a6b6b74,,,,34,4233,831584,136103,140336,971954,26,164,2026-01-17T18:59:48.702Z,2026-01-17T19:02:32.764Z
2026-01-17T19:06:06Z,4b8a6739-7adf-479e-8afe-591dfbee5330,af06876,,,,42,4647,1258603,92348,96995,1355640,36,204,2026-01-17T19:02:41.361Z,2026-01-17T19:06:05.902Z
2026-01-17T19:11:27Z,4b8a6739-7adf-479e-8afe-591dfbee5330,a3eb90f,,,,10476,210,409904,99671,99881,520261,16,310,2026-01-17T19:06:16.192Z,2026-01-17T19:11:26.900Z
2026-01-17T22:02:02Z,4b8a6739-7adf-479e-8afe-591dfbee5330,a942f1b,,,,33835,6479,768232,158265,164744,966811,25,199,2026-01-17T21:58:43.542Z,2026-01-17T22:02:02.130Z
2026-01-17T22:08:08Z,4b8a6739-7adf-479e-8afe-591dfbee5330,afc7c64,,,,44,2218,1628897,89703,91921,1720862,40,266,2026-01-17T22:03:42.344Z,2026-01-17T22:08:08.129Z
2026-01-17T22:10:50Z,4b8a6739-7adf-479e-8afe-591dfbee5330,a866c0a,,,,26,1981,479702,72582,74563,554291,18,154,2026-01-17T22:08:16.358Z,2026-01-17T22:10:50.125Z
2026-01-17T22:11:47Z,4b8a6739-7adf-479e-8afe-591dfbee5330,a069d75,,,,19,430,271537,17880,18310,289866,13,49,2026-01-17T22:10:58.478Z,2026-01-17T22:11:47.353Z
2026-01-17T22:17:06Z,4b8a6739-7adf-479e-8afe-591dfbee5330,a3447dd,,,,19,639,310277,26713,27352,337648,15,312,2026-01-17T22:11:53.664Z,2026-01-17T22:17:05.904Z
2026-01-17T22:27:26Z,4b8a6739-7adf-479e-8afe-591dfbee5330,af11ab6,,,,14,3078,120628,84370,87448,208090,8,86,2026-01-17T22:26:00.558Z,2026-01-17T22:27:26.231Z
2026-01-17T22:31:04Z,4b8a6739-7adf-479e-8afe-591dfbee5330,a624f35,,,,37,2968,1393689,71259,74227,1467953,35,211,2026-01-17T22:27:33.265Z,2026-01-17T22:31:04.692Z
2026-01-17T22:37:14Z,4b8a6739-7adf-479e-8afe-591dfbee5330,a73981d,,,,29,185,524478,70785,70970,595477,21,363,2026-01-17T22:31:11.139Z,2026-01-17T22:37:14.875Z
2026-01-17T22:39:08Z,4b8a6739-7adf-479e-8afe-591dfbee5330,a54d620,,,,9,751,83484,30812,31563,115056,5,23,2026-01-17T22:38:44.273Z,2026-01-17T22:39:07.926Z
2026-01-17T22:42:59Z,4b8a6739-7adf-479e-8afe-591dfbee5330,a9ab85a,,,,140,2806,1591582,83271,86077,1677799,44,226,2026-01-17T22:39:13.152Z,2026-01-17T22:42:59.639Z
2026-01-17T22:44:54Z,4b8a6739-7adf-479e-8afe-591dfbee5330,a73e742,,,,21,199,271309,58617,58816,330146,13,109,2026-01-17T22:43:05.429Z,2026-01-17T22:44:54.345Z
2026-01-17T22:45:43Z,4b8a6739-7adf-479e-8afe-591dfbee5330,aa422ba,,,,17,312,223897,16601,16913,240827,11,42,2026-01-17T22:45:00.350Z,2026-01-17T22:45:42.963Z
2026-01-17T22:50:16Z,aa82bea4-7b38-4a07-a990-295bd1be0c47,a84834e,,,,3,1,,14070,14071,14074,1,2,2026-01-17T22:50:14.046Z,2026-01-17T22:50:16.827Z
2026-01-17T22:50:22Z,aa82bea4-7b38-4a07-a990-295bd1be0c47,a2f2a3c,,,,10,180,7580,22986,23166,30756,4,8,2026-01-17T22:50:14.052Z,2026-01-17T22:50:22.181Z
2026-01-17T22:50:24Z,aa82bea4-7b38-4a07-a990-295bd1be0c47,a0585c5,,,,13,243,14187,57095,57338,71538,5,10,2026-01-17T22:50:14.050Z,2026-01-17T22:50:24.205Z
2026-01-17T22:50:48Z,4b8a6739-7adf-479e-8afe-591dfbee5330,ac9da66,,,,21,371,287744,19657,20028,307793,15,301,2026-01-17T22:45:47.924Z,2026-01-17T22:50:48.766Z
2026-01-17T22:53:15Z,aa82bea4-7b38-4a07-a990-295bd1be0c47,ac36120,,,,238,2269,293383,81845,84114,377735,16,72,2026-01-17T22:52:03.338Z,2026-01-17T22:53:15.101Z
2026-01-17T22:55:43Z,4b8a6739-7adf-479e-8afe-591dfbee5330,ab9a172,,,,17,3146,170156,64719,67865,238038,9,61,2026-01-17T22:54:42.896Z,2026-01-17T22:55:43.521Z
2026-01-17T22:58:32Z,4b8a6739-7adf-479e-8afe-591dfbee5330,adc0f41,,,,9746,2695,627353,61884,64579,701678,22,163,2026-01-17T22:55:49.482Z,2026-01-17T22:58:32.533Z
2026-01-17T23:04:03Z,4b8a6739-7adf-479e-8afe-591dfbee5330,ae8067c,,,,22,397,329932,77887,78284,408238,14,324,2026-01-17T22:58:38.673Z,2026-01-17T23:04:02.983Z
2026-01-17T23:07:41Z,4b8a6739-7adf-479e-8afe-591dfbee5330,a1d6a91,,,,1392,5250,2614081,143810,149060,2764533,58,209,2026-01-17T23:04:12.273Z,2026-01-17T23:07:41.001Z
2026-01-17T23:22:12Z,4b8a6739-7adf-479e-8afe-591dfbee5330,a85d690,,,,4934,1263,373173,157247,158510,536617,24,61,2026-01-17T23:21:11.480Z,2026-01-17T23:22:12.583Z
2026-01-17T23:39:13Z,4b8a6739-7adf-479e-8afe-591dfbee5330,a77d08a,,,,17366,9397,1944730,309216,318613,2280709,49,337,2026-01-17T23:33:36.304Z,2026-01-17T23:39:13.610Z
2026-01-17T23:43:20Z,4b8a6739-7adf-479e-8afe-591dfbee5330,a47f28b,,,,28220,5539,1727727,269353,274892,2030839,44,192,2026-01-17T23:40:08.891Z,2026-01-17T23:43:20.119Z
2026-01-17T23:51:37Z,4b8a6739-7adf-479e-8afe-591dfbee5330,aa039c4,,,,67,7499,2828164,178596,186095,3014326,59,336,2026-01-17T23:46:01.090Z,2026-01-17T23:51:37.612Z
2026-01-17T23:52:41Z,4b8a6739-7adf-479e-8afe-591dfbee5330,abd6ae1,,,,3610,6525,2936192,168872,175397,3115199,61,400,2026-01-17T23:46:01.099Z,2026-01-17T23:52:41.148Z
2026-01-17T23:54:11Z,4b8a6739-7adf-479e-8afe-591dfbee5330,aa23a29,,,,101,10225,6624737,238240,248465,6873303,93,490,2026-01-17T23:46:01.099Z,2026-01-17T23:54:11.262Z
2026-01-17T23:55:54Z,4b8a6739-7adf-479e-8afe-591dfbee5330,a56503c,,,,117,15312,9398351,296253,311565,9710033,109,593,2026-01-17T23:46:01.098Z,2026-01-17T23:55:54.071Z
2026-01-18T00:00:02Z,4b8a6739-7adf-479e-8afe-591dfbee5330,add3f1f,,,,1776,7272,3564840,241831,249103,3815719,48,223,2026-01-17T23:56:19.908Z,2026-01-18T00:00:02.133Z
2026-01-18T00:06:03Z,4b8a6739-7adf-479e-8afe-591dfbee5330,a3b6a78,,,,218,2639,2646016,328760,331399,2977633,50,342,2026-01-18T00:00:21.835Z,2026-01-18T00:06:03.237Z
2026-01-18T00:33:37Z,4b8a6739-7adf-479e-8afe-591dfbee5330,a3c32ba,,,,23,1838,273798,124811,126649,400470,15,302,2026-01-18T00:28:35.542Z,2026-01-18T00:33:37.115Z
2026-01-18T00:52:58Z,4b8a6739-7adf-479e-8afe-591dfbee5330,a74c269,,,,7271,352,394141,120919,121271,522683,17,100,2026-01-18T00:51:18.007Z,2026-01-18T00:52:58.732Z
2026-01-18T00:58:15Z,4b8a6739-7adf-479e-8afe-591dfbee5330,a4da414,,,,78494,6563,2134626,436665,443228,2656348,40,147,2026-01-18T00:55:48.112Z,2026-01-18T00:58:15.673Z
2026-01-18T01:20:49Z,4b8a6739-7adf-479e-8afe-591dfbee5330,a0570b6,,,,30,516,455192,123057,123573,578795,22,94,2026-01-18T01:19:15.552Z,2026-01-18T01:20:49.198Z
2026-01-18T01:27:57Z,4b8a6739-7adf-479e-8afe-591dfbee5330,ab3a903,,,,37713,6666,3011917,158725,165391,3215021,63,278,2026-01-18T01:23:19.843Z,2026-01-18T01:27:57.299Z
2026-01-18T01:32:30Z,4b8a6739-7adf-479e-8afe-591dfbee5330,a5af2c9,,,,35,2728,729070,38973,41701,770806,29,109,2026-01-18T01:30:41.777Z,2026-01-18T01:32:30.522Z
2026-01-18T01:51:26Z,4b8a6739-7adf-479e-8afe-591dfbee5330,af52387,,,,848,3503,713636,102500,106003,820487,25,112,2026-01-18T01:49:34.166Z,2026-01-18T01:51:26.184Z
2026-01-18T01:53:27Z,4b8a6739-7adf-479e-8afe-591dfbee5330,a01d5a6,,,,25,4098,613201,73499,77597,690823,21,103,2026-01-18T01:51:44.806Z,2026-01-18T01:53:27.834Z
2026-01-18T02:02:04Z,4b8a6739-7adf-479e-8afe-591dfbee5330,a942a43,,,,36,1259,762544,118149,119408,881988,28,165,2026-01-18T01:59:19.181Z,2026-01-18T02:02:04.549Z
2026-01-18T02:07:12Z,4b8a6739-7adf-479e-8afe-591dfbee5330,a22998b,,,,14,1109,182230,21683,22792,205036,10,34,2026-01-18T02:06:38.818Z,2026-01-18T02:07:12.542Z
2026-01-18T02:16:39Z,756c3753-d576-4e7f-8011-62897f51188f,ab8b478,,,,3,2,,7774,7776,7779,1,2,2026-01-18T02:16:37.166Z,2026-01-18T02:16:39.353Z
2026-01-18T02:16:42Z,756c3753-d576-4e7f-8011-62897f51188f,a5e05c3,,,,3,1,,14264,14265,14268,1,4,2026-01-18T02:16:37.157Z,2026-01-18T02:16:41.944Z
2026-01-18T02:16:42Z,756c3753-d576-4e7f-8011-62897f51188f,a89b4be,,,,3,2,,14381,14383,14386,1,5,2026-01-18T02:16:37.162Z,2026-01-18T02:16:42.581Z
2026-01-18T02:23:38Z,4b8a6739-7adf-479e-8afe-591dfbee5330,ad0749a,,,,17,93,113360,108621,108714,222091,9,62,2026-01-18T02:22:35.071Z,2026-01-18T02:23:37.998Z
2026-01-18T02:27:30Z,4b8a6739-7adf-479e-8afe-591dfbee5330,a910e92,,,,145,365,343426,50261,50626,394197,15,65,2026-01-18T02:26:25.291Z,2026-01-18T02:27:30.253Z
2026-01-18T02:32:58Z,4b8a6739-7adf-479e-8afe-591dfbee5330,afcca71,,,,34401,1222,636290,132503,133725,804416,25,101,2026-01-18T02:31:17.924Z,2026-01-18T02:32:58.278Z
2026-01-18T02:44:56Z,4b8a6739-7adf-479e-8afe-591dfbee5330,a9f0c6a,,,,884,1088,384647,143062,144150,529681,24,46,2026-01-18T02:44:10.206Z,2026-01-18T02:44:56.827Z
2026-01-18T04:23:03Z,4b8a6739-7adf-479e-8afe-591dfbee5330,a9f26ab,,,,8888,7362,9328204,470163,477525,9814617,105,264,2026-01-18T04:18:39.487Z,2026-01-18T04:23:03.164Z
2026-01-18T04:31:45Z,4b8a6739-7adf-479e-8afe-591dfbee5330,aad95e8,,,,3,1,,18729,18730,18733,1,46,2026-01-18T04:30:59.257Z,2026-01-18T04:31:45.244Z
2026-01-18T04:32:02Z,4b8a6739-7adf-479e-8afe-591dfbee5330,a878c79,,,,20,18,111312,166644,166662,277994,10,62,2026-01-18T04:30:59.249Z,2026-01-18T04:32:01.985Z
2026-01-18T04:57:48Z,4b8a6739-7adf-479e-8afe-591dfbee5330,af3193e,,,,32,1384,513847,140350,141734,655613,24,95,2026-01-18T04:56:13.890Z,2026-01-18T04:57:48.771Z
2026-01-18T05:16:09Z,4b8a6739-7adf-479e-8afe-591dfbee5330,ae1171d,,,,56,7150,1331672,98156,105306,1437034,48,213,2026-01-18T05:12:36.209Z,2026-01-18T05:16:09.676Z
2026-01-18T05:25:10Z,4b8a6739-7adf-479e-8afe-591dfbee5330,a96e2fb,,,,10152,1693,1112421,208021,209714,1332287,42,90,2026-01-18T05:23:40.172Z,2026-01-18T05:25:10.190Z
2026-01-20T02:51:41Z,4b8a6739-7adf-479e-8afe-591dfbee5330,ab4c918,,,,11061,4267,1264585,58257,62524,1338170,41,189,2026-01-20T02:48:32.668Z,2026-01-20T02:51:41.561Z
2026-01-20T02:53:07Z,4b8a6739-7adf-479e-8afe-591dfbee5330,a7fbcad,,,,75,5637,2133312,75254,80891,2214278,69,275,2026-01-20T02:48:32.667Z,2026-01-20T02:53:07.077Z
2026-01-20T02:54:09Z,4b8a6739-7adf-479e-8afe-591dfbee5330,a9ac7a2,,,,1995,6002,2345562,70373,76375,2423932,75,337,2026-01-20T02:48:32.668Z,2026-01-20T02:54:09.171Z
2026-01-20T02:55:36Z,4b8a6739-7adf-479e-8afe-591dfbee5330,ae1ba35,,,,454,1269,465235,93784,95053,560742,24,72,2026-01-20T02:54:23.677Z,2026-01-20T02:55:35.910Z
2026-01-20T02:57:58Z,4b8a6739-7adf-479e-8afe-591dfbee5330,a6911ce,,,,159,1183,611916,42713,43896,655971,22,112,2026-01-20T02:56:06.754Z,2026-01-20T02:57:58.684Z
2026-01-20T03:03:11Z,4b8a6739-7adf-479e-8afe-591dfbee5330,ac5d9b2,,,,26,542,367878,34616,35158,403062,18,307,2026-01-20T02:58:04.429Z,2026-01-20T03:03:11.408Z
2026-01-20T03:05:08Z,4b8a6739-7adf-479e-8afe-591dfbee5330,a52378f,,,,35,2754,887163,65146,67900,955098,29,108,2026-01-20T03:03:20.042Z,2026-01-20T03:05:08.004Z
2026-01-20T03:10:18Z,4b8a6739-7adf-479e-8afe-591dfbee5330,ad3ce41,,,,32,1277,544061,50489,51766,595859,24,306,2026-01-20T03:05:12.360Z,2026-01-20T03:10:18.630Z
2026-01-20T03:13:19Z,4b8a6739-7adf-479e-8afe-591dfbee5330,a5e17db,,,,35,4767,1131653,91952,96719,1228407,29,165,2026-01-20T03:10:34.571Z,2026-01-20T03:13:19.858Z
2026-01-20T03:18:33Z,4b8a6739-7adf-479e-8afe-591dfbee5330,a915289,,,,634,1661,428004,95200,96861,525499,18,308,2026-01-20T03:13:25.931Z,2026-01-20T03:18:33.073Z
2026-01-20T16:39:03Z,4b8a6739-7adf-479e-8afe-591dfbee5330,a61a0f6,,,,13807,4611,6116435,255933,260544,6390786,74,410,2026-01-20T16:32:13.747Z,2026-01-20T16:39:03.867Z
2026-01-20T16:45:52Z,4b8a6739-7adf-479e-8afe-591dfbee5330,ab21f54,,,,35,375,1288317,240652,241027,1529379,27,399,2026-01-20T16:39:13.799Z,2026-01-20T16:45:52.002Z
2026-01-20T20:36:44Z,4b8a6739-7adf-479e-8afe-591dfbee5330,a0e2856,,,,32,4327,739962,106536,110863,850857,26,165,2026-01-20T20:33:59.318Z,2026-01-20T20:36:44.060Z
2026-01-20T20:40:39Z,4b8a6739-7adf-479e-8afe-591dfbee5330,a4be5c2,,,,25,364,412295,74694,75058,487378,17,226,2026-01-20T20:36:52.569Z,2026-01-20T20:40:38.987Z
2026-01-20T22:31:32Z,4b8a6739-7adf-479e-8afe-591dfbee5330,a082db9,,,,98690,473,369803,208367,208840,677333,15,50,2026-01-20T22:30:41.094Z,2026-01-20T22:31:31.928Z
2026-01-21T01:05:13Z,953ff13f-8e8a-4a26-aa8d-570a7aefcfbe,a27b3fb,,,,3,1,,14579,14580,14583,1,5,2026-01-21T01:05:08.330Z,2026-01-21T01:05:13.252Z
2026-01-21T01:05:17Z,953ff13f-8e8a-4a26-aa8d-570a7aefcfbe,a6afac1,,,,7,7,8067,16275,16282,24356,3,8,2026-01-21T01:05:08.337Z,2026-01-21T01:05:16.938Z
2026-01-21T01:05:17Z,953ff13f-8e8a-4a26-aa8d-570a7aefcfbe,a6b485c,,,,13,21,14696,59145,59166,73875,5,9,2026-01-21T01:05:08.335Z,2026-01-21T01:05:17.156Z
2026-01-21T02:04:14Z,4b8a6739-7adf-479e-8afe-591dfbee5330,ab3e928,,,,1436,167,1181958,133707,133874,1317268,28,82,2026-01-21T02:02:51.996Z,2026-01-21T02:04:13.992Z
2026-01-21T07:56:29Z,4b8a6739-7adf-479e-8afe-591dfbee5330,ae9f095,,,,67785,606,1582531,395471,396077,2046393,27,136,2026-01-21T07:54:13.729Z,2026-01-21T07:56:29.218Z
2026-01-21T08:41:05Z,ddb4b401-094b-4dc7-97df-8342611fb10a,a789f5c,,,,3,2,,14236,14238,14241,1,3,2026-01-21T08:41:01.273Z,2026-01-21T08:41:04.943Z
2026-01-21T08:41:06Z,ddb4b401-094b-4dc7-97df-8342611fb10a,a154308,,,,3,6,,14119,14125,14128,1,5,2026-01-21T08:41:01.270Z,2026-01-21T08:41:06.243Z
2026-01-21T08:41:09Z,ddb4b401-094b-4dc7-97df-8342611fb10a,acfca1c,,,,10,7,7591,22999,23006,30607,4,8,2026-01-21T08:41:01.275Z,2026-01-21T08:41:09.755Z
2026-01-21T08:52:20Z,ddb4b401-094b-4dc7-97df-8342611fb10a,a38a681,,,,1739,23,261738,70020,70043,333520,17,39,2026-01-21T08:51:40.411Z,2026-01-21T08:52:19.980Z
2026-01-21T09:02:12Z,ddb4b401-094b-4dc7-97df-8342611fb10a,a43cdb5,,,,243632,7189,3596370,424629,431818,4271820,54,450,2026-01-21T08:54:42.417Z,2026-01-21T09:02:12.071Z
2026-01-21T09:06:53Z,ddb4b401-094b-4dc7-97df-8342611fb10a,aa46a02,,,,13488,3042,1461486,77494,80536,1555510,46,198,2026-01-21T09:03:34.005Z,2026-01-21T09:06:52.911Z
2026-01-21T09:09:09Z,ddb4b401-094b-4dc7-97df-8342611fb10a,ace594d,,,,29858,5504,4097406,192373,197877,4325141,71,336,2026-01-21T09:03:33.991Z,2026-01-21T09:09:09.068Z
2026-01-21T09:14:11Z,ddb4b401-094b-4dc7-97df-8342611fb10a,a7cdb8f,,,,24078,13396,13613129,247544,260940,13898147,150,637,2026-01-21T09:03:34.006Z,2026-01-21T09:14:11.136Z
2026-01-21T20:48:01Z,ddb4b401-094b-4dc7-97df-8342611fb10a,afd7df8,,,,41674,1939,1628231,234563,236502,1906407,47,201,2026-01-21T20:44:40.330Z,2026-01-21T20:48:01.869Z
2026-01-21T20:53:12Z,ddb4b401-094b-4dc7-97df-8342611fb10a,a737673,,,,41753,1614,1591464,236083,237697,1870914,46,79,2026-01-21T20:51:53.595Z,2026-01-21T20:53:12.258Z
2026-01-21T21:59:32Z,ddb4b401-094b-4dc7-97df-8342611fb10a,a2c742f,,,,69157,1655,1775335,466861,468516,2313008,33,118,2026-01-21T21:57:33.475Z,2026-01-21T21:59:31.987Z
2026-01-21T22:04:39Z,ddb4b401-094b-4dc7-97df-8342611fb10a,a23ad1f,,,,7,197,117467,6159,6356,123830,8,18,2026-01-21T22:04:21.035Z,2026-01-21T22:04:39.645Z
2026-01-21T22:07:21Z,ddb4b401-094b-4dc7-97df-8342611fb10a,ad29874,,,,38,1974,1193377,70127,72101,1265516,34,87,2026-01-21T22:05:54.582Z,2026-01-21T22:07:21.334Z
2026-01-21T22:07:25Z,ddb4b401-094b-4dc7-97df-8342611fb10a,a5f0a3f,,,,9164,9664,3124179,172454,182118,3315461,71,273,2026-01-21T22:02:52.002Z,2026-01-21T22:07:25.243Z
2026-01-21T22:08:16Z,ddb4b401-094b-4dc7-97df-8342611fb10a,af66017,,,,10,10,49022,31837,31847,80879,4,21,2026-01-21T22:07:54.660Z,2026-01-21T22:08:15.971Z
2026-01-21T22:11:02Z,ddb4b401-094b-4dc7-97df-8342611fb10a,adff2bd,,,,23312,5816,1700835,128265,134081,1858228,46,153,2026-01-21T22:08:29.240Z,2026-01-21T22:11:02.133Z
2026-01-21T22:16:31Z,ddb4b401-094b-4dc7-97df-8342611fb10a,a07c0d2,,,,64,2475,2489487,177777,180252,2669803,54,287,2026-01-21T22:11:44.857Z,2026-01-21T22:16:31.103Z
2026-01-21T22:16:55Z,ddb4b401-094b-4dc7-97df-8342611fb10a,a9d110f,,,,195,4186,8405492,275141,279327,8685014,191,391,2026-01-21T22:10:24.517Z,2026-01-21T22:16:55.145Z
2026-01-22T01:02:31Z,ddb4b401-094b-4dc7-97df-8342611fb10a,a5109ae,,,,13,384,216445,73899,74283,290741,9,38,2026-01-22T01:01:53.271Z,2026-01-22T01:02:31.209Z
2026-01-22T01:08:18Z,ddb4b401-094b-4dc7-97df-8342611fb10a,a84605c,,,,12,1433,180752,73191,74624,255388,8,38,2026-01-22T01:07:40.055Z,2026-01-22T01:08:18.626Z
2026-01-22T01:10:01Z,ddb4b401-094b-4dc7-97df-8342611fb10a,ac2a254,,,,18,1862,353368,57044,58906,412292,12,53,2026-01-22T01:09:08.182Z,2026-01-22T01:10:01.586Z
2026-01-22T01:11:41Z,ddb4b401-094b-4dc7-97df-8342611fb10a,a359128,,,,16,1981,276452,56590,58571,335039,10,50,2026-01-22T01:10:51.417Z,2026-01-22T01:11:41.150Z
2026-01-22T01:13:28Z,ddb4b401-094b-4dc7-97df-8342611fb10a,a0cae3d,,,,17,2027,317387,59799,61826,379230,11,53,2026-01-22T01:12:35.748Z,2026-01-22T01:13:28.131Z
2026-01-22T01:14:35Z,ddb4b401-094b-4dc7-97df-8342611fb10a,aa33fad,,,,16,1723,277040,56520,58243,335299,10,53,2026-01-22T01:13:42.104Z,2026-01-22T01:14:35.153Z
2026-01-22T01:15:38Z,ddb4b401-094b-4dc7-97df-8342611fb10a,ac363e7,,,,16,281,280323,59086,59367,339706,10,52,2026-01-22T01:14:46.562Z,2026-01-22T01:15:38.388Z
2026-01-22T01:22:50Z,ddb4b401-094b-4dc7-97df-8342611fb10a,a3cd5b0,,,,11293,7701,3513242,230465,238166,3762701,66,195,2026-01-22T01:19:34.409Z,2026-01-22T01:22:49.892Z
2026-01-22T01:30:21Z,ddb4b401-094b-4dc7-97df-8342611fb10a,ab78e01,,,,27,3454,448163,349842,353296,801486,23,46,2026-01-22T01:29:35.816Z,2026-01-22T01:30:21.038Z
2026-01-22T01:49:04Z,ddb4b401-094b-4dc7-97df-8342611fb10a,a8399be,,,,21712,6313,6662195,259504,265817,6949724,86,697,2026-01-22T01:37:27.489Z,2026-01-22T01:49:04.136Z
2026-01-22T01:52:55Z,ddb4b401-094b-4dc7-97df-8342611fb10a,a95cf7f,,,,178,1498,1673119,260049,261547,1934844,35,149,2026-01-22T01:50:26.979Z,2026-01-22T01:52:55.256Z
2026-01-22T03:18:06Z,ddb4b401-094b-4dc7-97df-8342611fb10a,a586826,,,,17444,5838,964100,172058,177896,1159440,38,140,2026-01-22T03:15:46.013Z,2026-01-22T03:18:06.479Z
2026-01-22T03:19:58Z,ddb4b401-094b-4dc7-97df-8342611fb10a,a1c54c4,,,,17382,1343,1864187,328970,330313,2211882,45,103,2026-01-22T03:18:15.417Z,2026-01-22T03:19:58.126Z
2026-01-22T03:23:05Z,ddb4b401-094b-4dc7-97df-8342611fb10a,a2e41f1,,,,131,6059,1549388,97686,103745,1653264,33,176,2026-01-22T03:20:09.741Z,2026-01-22T03:23:05.789Z
2026-01-22T03:30:47Z,92abd0cb-f4db-4e42-8f37-656e82762538,a5f4daa,,,,3,1,,13994,13995,13998,1,3,2026-01-22T03:30:44.108Z,2026-01-22T03:30:47.302Z
2026-01-22T03:30:52Z,92abd0cb-f4db-4e42-8f37-656e82762538,abcc041,,,,10,72,7466,22622,22694,30170,4,8,2026-01-22T03:30:44.113Z,2026-01-22T03:30:52.190Z
2026-01-22T03:30:53Z,92abd0cb-f4db-4e42-8f37-656e82762538,a14d8ed,,,,13,236,14111,56794,57030,71154,5,9,2026-01-22T03:30:44.111Z,2026-01-22T03:30:53.133Z
2026-01-22T03:32:39Z,ddb4b401-094b-4dc7-97df-8342611fb10a,a1d7350,,,,16879,6769,3228874,176224,182993,3428746,63,282,2026-01-22T03:27:57.021Z,2026-01-22T03:32:39.374Z
2026-01-22T03:33:27Z,ddb4b401-094b-4dc7-97df-8342611fb10a,a789bf0,,,,11353,7058,6335276,241743,248801,6595430,92,329,2026-01-22T03:27:57.016Z,2026-01-22T03:33:26.994Z
2026-01-22T03:36:42Z,ddb4b401-094b-4dc7-97df-8342611fb10a,a6569fe,,,,32,1062,1263206,108824,109886,1373124,24,131,2026-01-22T03:34:31.152Z,2026-01-22T03:36:42.567Z
2026-01-22T03:37:46Z,ddb4b401-094b-4dc7-97df-8342611fb10a,a4954a9,,,,48,3203,1358798,68092,71295,1430141,40,194,2026-01-22T03:34:31.151Z,2026-01-22T03:37:45.911Z
2026-01-22T03:37:52Z,ddb4b401-094b-4dc7-97df-8342611fb10a,a214613,,,,40783,4171,2042050,94409,98580,2181413,45,201,2026-01-22T03:34:31.147Z,2026-01-22T03:37:52.131Z
2026-01-22T03:39:16Z,ddb4b401-094b-4dc7-97df-8342611fb10a,a6e02c5,,,,18,18,184605,71472,71490,256113,12,41,2026-01-22T03:38:35.614Z,2026-01-22T03:39:16.346Z
2026-01-22T03:42:20Z,ddb4b401-094b-4dc7-97df-8342611fb10a,ac0c4c0,,,,22,318,311369,20573,20891,332282,16,56,2026-01-22T03:41:24.285Z,2026-01-22T03:42:20.848Z
2026-01-22T03:43:04Z,ddb4b401-094b-4dc7-97df-8342611fb10a,a346403,,,,13,294,116178,13082,13376,129567,7,23,2026-01-22T03:42:41.531Z,2026-01-22T03:43:04.069Z
2026-01-22T03:47:20Z,ddb4b401-094b-4dc7-97df-8342611fb10a,aadd69a,,,,9276,2305,1576895,107004,109309,1695480,51,208,2026-01-22T03:43:52.267Z,2026-01-22T03:47:20.619Z
2026-01-22T03:47:20Z,ddb4b401-094b-4dc7-97df-8342611fb10a,a51554d,,,,42975,3434,2822636,232747,236181,3101792,52,208,2026-01-22T03:43:52.272Z,2026-01-22T03:47:20.705Z
2026-01-22T03:48:15Z,ddb4b401-094b-4dc7-97df-8342611fb10a,ab9da53,,,,16513,4427,2350530,177839,182266,2549309,53,263,2026-01-22T03:43:52.272Z,2026-01-22T03:48:15.204Z
2026-01-22T04:23:31Z,ddb4b401-094b-4dc7-97df-8342611fb10a,a266652,,,,17702,4594,2029836,164020,168614,2216152,48,210,2026-01-22T04:20:00.222Z,2026-01-22T04:23:30.934Z
2026-01-22T04:24:45Z,ddb4b401-094b-4dc7-97df-8342611fb10a,a20b33e,,,,10272,3775,3045890,163841,167616,3223778,69,284,2026-01-22T04:20:00.226Z,2026-01-22T04:24:44.941Z
2026-01-22T04:51:51Z,ddb4b401-094b-4dc7-97df-8342611fb10a,a6e846e,,,,2834,189,211530,77496,77685,292049,13,54,2026-01-22T04:50:57.388Z,2026-01-22T04:51:51.547Z
2026-01-22T04:54:18Z,ddb4b401-094b-4dc7-97df-8342611fb10a,ab03b9d,,,,42,2946,947490,60996,63942,1011474,36,131,2026-01-22T04:52:07.568Z,2026-01-22T04:54:18.102Z
2026-01-22T05:33:16Z,ddb4b401-094b-4dc7-97df-8342611fb10a,af80eb7,,,,119,3814,4590530,159808,163622,4754271,82,397,2026-01-22T05:26:39.728Z,2026-01-22T05:33:16.127Z
2026-01-22T05:34:26Z,ddb4b401-094b-4dc7-97df-8342611fb10a,a33b532,,,,52,1953,1918570,83517,85470,2004092,46,211,2026-01-22T05:30:55.887Z,2026-01-22T05:34:26.509Z
2026-01-22T05:36:54Z,ddb4b401-094b-4dc7-97df-8342611fb10a,ae30ed9,,,,4893,4714,2159833,83032,87746,2252472,53,208,2026-01-22T05:33:26.811Z,2026-01-22T05:36:54.173Z
2026-01-22T05:40:05Z,ddb4b401-094b-4dc7-97df-8342611fb10a,af4125b,,,,888,2656,848821,51949,54605,904314,30,125,2026-01-22T05:38:00.509Z,2026-01-22T05:40:05.007Z
2026-01-22T05:50:47Z,ddb4b401-094b-4dc7-97df-8342611fb10a,ab8750e,,,,1944,6865,2414225,114903,121768,2537937,60,250,2026-01-22T05:46:37.627Z,2026-01-22T05:50:47.717Z
2026-01-22T05:57:12Z,92abd0cb-f4db-4e42-8f37-656e82762538,a2fc737,,,,25871,518,1015876,251217,251735,1293482,34,56,2026-01-22T05:56:16.625Z,2026-01-22T05:57:12.797Z
2026-01-22T05:57:33Z,92abd0cb-f4db-4e42-8f37-656e82762538,ad63a2a,,,,62738,711,2329681,383510,384221,2776640,45,77,2026-01-22T05:56:16.625Z,2026-01-22T05:57:33.133Z
2026-01-22T05:57:38Z,92abd0cb-f4db-4e42-8f37-656e82762538,a3afefb,,,,18519,1212,1809007,253000,254212,2081738,47,82,2026-01-22T05:56:16.618Z,2026-01-22T05:57:38.382Z
2026-01-22T06:00:45Z,92abd0cb-f4db-4e42-8f37-656e82762538,ae42bc3,,,,24856,250,315431,109734,109984,450271,16,101,2026-01-22T05:59:04.086Z,2026-01-22T06:00:45.875Z
2026-01-22T06:01:25Z,92abd0cb-f4db-4e42-8f37-656e82762538,a25c41a,,,,5806,110,376953,135393,135503,518262,16,141,2026-01-22T05:59:04.087Z,2026-01-22T06:01:25.099Z
2026-01-22T06:05:17Z,ddb4b401-094b-4dc7-97df-8342611fb10a,acae013,,,,24248,10056,6173341,218354,228410,6425999,96,372,2026-01-22T05:59:05.223Z,2026-01-22T06:05:17.137Z
2026-01-22T07:34:40Z,ddb4b401-094b-4dc7-97df-8342611fb10a,afbefbe,,,,54396,8547,10746059,298580,307127,11107582,107,419,2026-01-22T07:27:41.241Z,2026-01-22T07:34:40.432Z
2026-01-22T07:36:58Z,ddb4b401-094b-4dc7-97df-8342611fb10a,ae5a157,,,,8709,740,1201031,175890,176630,1386370,33,127,2026-01-22T07:34:50.174Z,2026-01-22T07:36:57.978Z
2026-01-22T08:34:16Z,92abd0cb-f4db-4e42-8f37-656e82762538,a43cccf,,,,62,8981,3776576,246850,255831,4032469,54,767,2026-01-22T08:21:29.751Z,2026-01-22T08:34:16.877Z
2026-01-22T08:37:13Z,92abd0cb-f4db-4e42-8f37-656e82762538,a1c7909,,,,39880,771,1390863,411422,412193,1842936,30,110,2026-01-22T08:35:23.422Z,2026-01-22T08:37:13.747Z
2026-01-22T09:31:05Z,92abd0cb-f4db-4e42-8f37-656e82762538,abebbb1,,,,108936,38072,34394424,1088222,1126294,35629654,329,1663,2026-01-22T09:03:22.662Z,2026-01-22T09:31:05.166Z
2026-01-22T09:45:06Z,92abd0cb-f4db-4e42-8f37-656e82762538,a3a4ffc,,,,3962,30965,13510927,743610,774575,14289464,168,768,2026-01-22T09:32:18.325Z,2026-01-22T09:45:06.132Z
2026-01-22T09:56:53Z,92abd0cb-f4db-4e42-8f37-656e82762538,a175e50,,,,732,13713,13868117,511303,525016,14393865,146,678,2026-01-22T09:45:34.839Z,2026-01-22T09:56:52.892Z
2026-01-22T15:47:33Z,92abd0cb-f4db-4e42-8f37-656e82762538,a12f51f,,,,10782,14890,5689323,220402,235292,5935397,94,473,2026-01-22T15:39:40.935Z,2026-01-22T15:47:33.391Z
2026-01-24T01:30:31Z,ddb4b401-094b-4dc7-97df-8342611fb10a,a388669,,,,24913,285,2368782,274975,275260,2668955,53,312,2026-01-24T01:25:19.272Z,2026-01-24T01:30:31.742Z
2026-01-24T04:33:50Z,ddb4b401-094b-4dc7-97df-8342611fb10a,a562911,,,,12726,1083,11057341,268071,269154,11339221,146,756,2026-01-24T04:21:14.595Z,2026-01-24T04:33:50.086Z
2026-01-25T05:23:57Z,ddb4b401-094b-4dc7-97df-8342611fb10a,a5dd2d2,,,,407,558,8648885,359140,359698,9008990,96,528,2026-01-25T05:15:09.991Z,2026-01-25T05:23:57.831Z
2026-01-25T05:26:32Z,ddb4b401-094b-4dc7-97df-8342611fb10a,a315194,,,,5852,259,3478145,121983,122242,3606239,71,263,2026-01-25T05:22:09.327Z,2026-01-25T05:26:32.718Z
2026-01-25T06:28:11Z,ddb4b401-094b-4dc7-97df-8342611fb10a,a264d3e,,,,199,104,1130219,117200,117304,1247722,31,168,2026-01-25T06:25:23.014Z,2026-01-25T06:28:11.242Z
2026-01-25T08:18:05Z,ddb4b401-094b-4dc7-97df-8342611fb10a,a834190,,,,23869,742,9943201,264987,265729,10232799,110,417,2026-01-25T08:11:08.672Z,2026-01-25T08:18:05.085Z
2026-01-25T08:23:51Z,ddb4b401-094b-4dc7-97df-8342611fb10a,a31dccb,,,,15746,145,1251682,131854,131999,1399427,31,338,2026-01-25T08:18:13.296Z,2026-01-25T08:23:51.263Z
2026-01-25T08:32:48Z,,,main,SPRINT-052,"Merged PRs 582-589, added backlog items",50000,15000,0,0,65000,65000,0,3600,,
2026-01-29T08:11:18Z,81130d5b-c9ba-4d90-ba20-9ca60e722307,a7ab355,,,,6967,59,174473,92530,92589,274029,11,34,2026-01-29T08:10:44.183Z,2026-01-29T08:11:18.573Z
2026-01-29T08:13:32Z,81130d5b-c9ba-4d90-ba20-9ca60e722307,a87bd5a,,,,21,42,341792,46589,46631,388444,15,123,2026-01-29T08:11:29.954Z,2026-01-29T08:13:32.116Z
2026-01-29T08:14:26Z,81130d5b-c9ba-4d90-ba20-9ca60e722307,afb0404,,,,109,96,371327,52598,52694,424130,13,45,2026-01-29T08:13:41.714Z,2026-01-29T08:14:26.210Z
2026-01-29T08:15:42Z,81130d5b-c9ba-4d90-ba20-9ca60e722307,a0d0d27,,,,30151,109,444177,66489,66598,540926,17,65,2026-01-29T08:14:37.017Z,2026-01-29T08:15:42.009Z
2026-01-29T08:16:47Z,81130d5b-c9ba-4d90-ba20-9ca60e722307,ae9b4dd,,,,24703,46,437242,94769,94815,556760,17,56,2026-01-29T08:15:51.825Z,2026-01-29T08:16:47.259Z
2026-01-29T08:21:27Z,81130d5b-c9ba-4d90-ba20-9ca60e722307,a0d0d27,,,,30198,425,2278816,123148,123573,2432587,60,409,2026-01-29T08:14:37.017Z,2026-01-29T08:21:26.931Z
2026-01-29T08:26:40Z,81130d5b-c9ba-4d90-ba20-9ca60e722307,ac2cbdd,,,,26,54,457828,57606,57660,515514,18,305,2026-01-29T08:21:35.321Z,2026-01-29T08:26:40.622Z
2026-01-29T08:27:38Z,81130d5b-c9ba-4d90-ba20-9ca60e722307,ab3f8ed,,,,11400,80,478965,76573,76653,567018,16,47,2026-01-29T08:26:51.037Z,2026-01-29T08:27:38.197Z
2026-01-29T08:29:11Z,81130d5b-c9ba-4d90-ba20-9ca60e722307,a74579a,,,,23698,76,554847,74217,74293,652838,20,83,2026-01-29T08:27:48.163Z,2026-01-29T08:29:11.097Z
2026-01-29T08:31:37Z,81130d5b-c9ba-4d90-ba20-9ca60e722307,a377205,,,,18830,177,1111601,95714,95891,1226322,35,137,2026-01-29T08:29:20.193Z,2026-01-29T08:31:37.328Z
2026-01-29T08:36:54Z,81130d5b-c9ba-4d90-ba20-9ca60e722307,a74579a,,,,23749,242,3277427,172938,173180,3474356,67,546,2026-01-29T08:27:48.163Z,2026-01-29T08:36:54.065Z
2026-01-29T08:42:36Z,81130d5b-c9ba-4d90-ba20-9ca60e722307,a47afb1,,,,285,90,777172,85196,85286,862743,27,334,2026-01-29T08:37:02.571Z,2026-01-29T08:42:36.548Z
2026-01-29T08:43:37Z,81130d5b-c9ba-4d90-ba20-9ca60e722307,a39c61c,,,,378,54,578743,92433,92487,671608,19,49,2026-01-29T08:42:48.929Z,2026-01-29T08:43:37.799Z
2026-01-29T08:45:09Z,81130d5b-c9ba-4d90-ba20-9ca60e722307,a790654,,,,23589,119,751495,66152,66271,841355,27,82,2026-01-29T08:43:47.849Z,2026-01-29T08:45:09.872Z
2026-01-29T08:46:59Z,81130d5b-c9ba-4d90-ba20-9ca60e722307,a5e11c3,,,,19295,181,1293218,91600,91781,1404294,42,101,2026-01-29T08:45:18.006Z,2026-01-29T08:46:59.332Z
2026-01-29T08:50:27Z,81130d5b-c9ba-4d90-ba20-9ca60e722307,a790654,,,,23631,277,2416905,168285,168562,2609098,63,400,2026-01-29T08:43:47.849Z,2026-01-29T08:50:27.542Z
2026-01-29T08:56:44Z,81130d5b-c9ba-4d90-ba20-9ca60e722307,acadeee,,,,35,101,802304,86172,86273,888612,27,368,2026-01-29T08:50:36.692Z,2026-01-29T08:56:44.701Z
2026-01-29T08:57:40Z,81130d5b-c9ba-4d90-ba20-9ca60e722307,ab53a2d,,,,274,34,362318,91954,91988,454580,14,44,2026-01-29T08:56:56.647Z,2026-01-29T08:57:40.325Z
2026-01-29T08:59:25Z,81130d5b-c9ba-4d90-ba20-9ca60e722307,a374248,,,,32195,86,831746,99795,99881,963822,27,94,2026-01-29T08:57:51.920Z,2026-01-29T08:59:25.422Z
2026-01-29T09:01:31Z,81130d5b-c9ba-4d90-ba20-9ca60e722307,af507e4,,,,75772,126,1514943,166214,166340,1757055,42,116,2026-01-29T08:59:35.794Z,2026-01-29T09:01:31.243Z
2026-01-29T09:08:57Z,81130d5b-c9ba-4d90-ba20-9ca60e722307,a374248,,,,39091,313,5389654,312756,313069,5741814,83,666,2026-01-29T08:57:51.920Z,2026-01-29T09:08:57.322Z
2026-01-29T09:16:40Z,81130d5b-c9ba-4d90-ba20-9ca60e722307,a1e4c4a,,,,177,122,1426058,165723,165845,1592080,34,453,2026-01-29T09:09:06.972Z,2026-01-29T09:16:39.933Z
2026-01-29T09:17:53Z,81130d5b-c9ba-4d90-ba20-9ca60e722307,a1e23f8,,,,526,58,796026,174259,174317,970869,24,63,2026-01-29T09:16:50.682Z,2026-01-29T09:17:53.579Z
2026-01-29T09:20:01Z,81130d5b-c9ba-4d90-ba20-9ca60e722307,a88e8c6,,,,2522,148,996671,144481,144629,1143822,30,115,2026-01-29T09:18:06.641Z,2026-01-29T09:20:01.392Z
2026-01-29T09:21:16Z,81130d5b-c9ba-4d90-ba20-9ca60e722307,a80a241,,,,22093,98,490906,129049,129147,642146,21,64,2026-01-29T09:20:12.483Z,2026-01-29T09:21:16.577Z
2026-01-29T09:29:08Z,81130d5b-c9ba-4d90-ba20-9ca60e722307,a88e8c6,,,,2605,663,7821790,392086,392749,8217144,105,662,2026-01-29T09:18:06.641Z,2026-01-29T09:29:08.038Z
2026-01-29T09:36:27Z,81130d5b-c9ba-4d90-ba20-9ca60e722307,a7fb5d0,,,,4594,135,1499836,130932,131067,1635497,32,430,2026-01-29T09:29:17.908Z,2026-01-29T09:36:27.337Z
2026-01-29T09:37:40Z,81130d5b-c9ba-4d90-ba20-9ca60e722307,abc5e2c,,,,9012,67,574303,54721,54788,638103,18,63,2026-01-29T09:36:37.916Z,2026-01-29T09:37:40.858Z
2026-01-29T09:39:13Z,81130d5b-c9ba-4d90-ba20-9ca60e722307,a21248a,,,,367,100,760311,68943,69043,829721,27,80,2026-01-29T09:37:52.259Z,2026-01-29T09:39:12.984Z
2026-01-29T09:40:12Z,81130d5b-c9ba-4d90-ba20-9ca60e722307,a3db381,,,,5173,93,311174,61925,62018,378365,15,49,2026-01-29T09:39:23.001Z,2026-01-29T09:40:12.036Z
2026-01-29T09:44:07Z,81130d5b-c9ba-4d90-ba20-9ca60e722307,a21248a,,,,10034,300,2628149,166043,166343,2804526,62,375,2026-01-29T09:37:52.259Z,2026-01-29T09:44:07.505Z
2026-01-29T09:47:37Z,81130d5b-c9ba-4d90-ba20-9ca60e722307,a56e322,,,,28,64,758546,142243,142307,900881,22,199,2026-01-29T09:44:18.053Z,2026-01-29T09:47:37.764Z
2026-01-29T09:48:43Z,81130d5b-c9ba-4d90-ba20-9ca60e722307,a21248a,,,,10054,398,3515794,257183,257581,3783429,78,651,2026-01-29T09:37:52.259Z,2026-01-29T09:48:43.785Z
2026-01-29T09:54:25Z,81130d5b-c9ba-4d90-ba20-9ca60e722307,adbbf1f,,,,26,68,398040,19580,19648,417714,20,336,2026-01-29T09:48:49.495Z,2026-01-29T09:54:25.830Z
2026-01-29T09:55:41Z,81130d5b-c9ba-4d90-ba20-9ca60e722307,a6b8720,,,,18214,146,494417,71684,71830,584461,16,66,2026-01-29T09:54:35.663Z,2026-01-29T09:55:41.646Z
2026-01-29T09:56:58Z,81130d5b-c9ba-4d90-ba20-9ca60e722307,aa131a8,,,,9035,69,537776,77556,77625,624436,22,66,2026-01-29T09:55:52.768Z,2026-01-29T09:56:58.857Z
2026-01-29T09:57:53Z,81130d5b-c9ba-4d90-ba20-9ca60e722307,ad5321d,,,,9915,69,282791,73376,73445,366151,13,45,2026-01-29T09:57:08.490Z,2026-01-29T09:57:53.506Z
2026-01-29T10:03:38Z,81130d5b-c9ba-4d90-ba20-9ca60e722307,aa131a8,,,,9178,369,3586407,190321,190690,3786275,74,466,2026-01-29T09:55:52.768Z,2026-01-29T10:03:38.026Z
2026-01-29T10:05:21Z,81130d5b-c9ba-4d90-ba20-9ca60e722307,a9531a8,,,,94,130,823405,79886,80016,903515,23,93,2026-01-29T10:03:48.371Z,2026-01-29T10:05:21.831Z
2026-01-31T07:34:43Z,566f12fe-0d9f-43a0-b017-2e803a9bb0cc,a1ef4d6,,,,29,134,893546,223351,223485,1117060,21,71,2026-01-31T07:33:32.076Z,2026-01-31T07:34:43.432Z
2026-01-31T08:26:36Z,e6f812f5-87f0-46b0-a4f8-ea144e52d457,a4fa1d5,,,,31,92,822417,207737,207829,1030277,23,115,2026-01-31T08:24:41.462Z,2026-01-31T08:26:36.345Z
2026-01-31T18:04:31Z,e6f812f5-87f0-46b0-a4f8-ea144e52d457,ad0e289,,,,16,11,93692,138225,138236,231944,8,33,2026-01-31T18:03:58.243Z,2026-01-31T18:04:31.498Z
2026-01-31T18:32:07Z,e6f812f5-87f0-46b0-a4f8-ea144e52d457,aa872b8,,,,18,20,160335,84975,84995,245348,8,33,2026-01-31T18:31:34.974Z,2026-01-31T18:32:07.486Z
2026-01-31T18:39:35Z,e6f812f5-87f0-46b0-a4f8-ea144e52d457,a9301d7,,,,11855,190,987587,129284,129474,1128916,27,126,2026-01-31T18:37:29.117Z,2026-01-31T18:39:35.359Z
2026-01-31T18:41:12Z,e6f812f5-87f0-46b0-a4f8-ea144e52d457,a8326d5,,,,18,8,153615,71361,71369,225002,8,32,2026-01-31T18:40:40.709Z,2026-01-31T18:41:12.681Z
2026-01-31T18:52:23Z,e6f812f5-87f0-46b0-a4f8-ea144e52d457,af47c21,,,,28,24,518506,217290,217314,735848,18,62,2026-01-31T18:51:21.441Z,2026-01-31T18:52:23.533Z
2026-01-31T23:43:22Z,e6f812f5-87f0-46b0-a4f8-ea144e52d457,abe48fe,,,,168,109,1301715,177810,177919,1479802,40,62,2026-01-31T23:42:20.900Z,2026-01-31T23:43:22.457Z
2026-01-31T23:43:29Z,e6f812f5-87f0-46b0-a4f8-ea144e52d457,ae23975,,,,4267,56,1292208,218452,218508,1514983,35,66,2026-01-31T23:42:23.375Z,2026-01-31T23:43:29.444Z
2026-01-31T23:57:17Z,d4f2c7ce-95eb-4c04-bdaa-afd9c4045afb,acb88ed,,,,6457,108,1114211,230785,230893,1351561,30,43,2026-01-31T23:56:34.509Z,2026-01-31T23:57:17.887Z
2026-02-01T00:32:35Z,d4f2c7ce-95eb-4c04-bdaa-afd9c4045afb,a3b0da5,,,,141,192,2971458,128720,128912,3100511,60,93,2026-02-01T00:31:02.560Z,2026-02-01T00:32:35.546Z
2026-02-01T00:44:14Z,d4f2c7ce-95eb-4c04-bdaa-afd9c4045afb,adb0d92,,,,2461,95,1858123,180899,180994,2041578,42,50,2026-02-01T00:43:24.305Z,2026-02-01T00:44:14.119Z
2026-02-01T01:39:57Z,a89b7c0a-de57-414d-9f89-031e645d3065,afcff94,,,,169,44,887008,184662,184706,1071883,27,44,2026-02-01T01:39:13.093Z,2026-02-01T01:39:57.288Z
2026-02-01T01:41:46Z,a89b7c0a-de57-414d-9f89-031e645d3065,a3b548d,,,,31,81,926688,175720,175801,1102520,25,95,2026-02-01T01:40:10.819Z,2026-02-01T01:41:45.980Z
2026-02-01T02:01:52Z,ee7d0dfb-9463-4c23-9996-279c38b6007c,acad42a,,,,55,133,2839545,447759,447892,3287492,49,226,2026-02-01T01:58:05.038Z,2026-02-01T02:01:51.926Z
2026-02-01T06:45:25Z,ee7d0dfb-9463-4c23-9996-279c38b6007c,a4a28d6,,,,33521,183,745188,149051,149234,927943,25,45,2026-02-01T06:44:39.647Z,2026-02-01T06:45:24.989Z
2026-02-01T09:18:41Z,ee7d0dfb-9463-4c23-9996-279c38b6007c,a383e06,,,,64,404,2621644,97561,97965,2719673,58,309,2026-02-01T09:13:32.991Z,2026-02-01T09:18:41.673Z
2026-02-01T09:25:56Z,ee7d0dfb-9463-4c23-9996-279c38b6007c,a5b01a5,,,,57,212,2199447,132603,132815,2332319,49,422,2026-02-01T09:18:54.458Z,2026-02-01T09:25:56.405Z
2026-02-01T19:51:00Z,ee7d0dfb-9463-4c23-9996-279c38b6007c,a5575c7,,,,1585,364,2667350,223096,223460,2892395,59,217,2026-02-01T19:47:23.485Z,2026-02-01T19:51:00.718Z
